423895,http://space.bilibili.com/423895/video,怕上火暴王老菊
268104,http://space.bilibili.com/268104/video,吴织亚切大忽悠
12351332,http://space.bilibili.com/12351332/video,爱范儿
96145884,http://space.bilibili.com/96145884/video,小马在纽约
323924023,http://space.bilibili.com/323924023/video,咸鱼王吧唧
185546,http://space.bilibili.com/185546/video,小可儿
1605721,http://space.bilibili.com/1605721/video,允星河Yoseya
122879,http://space.bilibili.com/122879/video,敖厂长
26311441,http://space.bilibili.com/26311441/video,一咸菊菊
325374,http://space.bilibili.com/325374/video,WONDO9
14333871,http://space.bilibili.com/14333871/video,吐嚎影院
284670864,http://space.bilibili.com/284670864/video,漫游蜗牛
38002736,http://space.bilibili.com/38002736/video,故事王StoryMan
4408538,http://space.bilibili.com/4408538/video,我是怪异君
20165629,http://space.bilibili.com/20165629/video,共青团中央
324753357,http://space.bilibili.com/324753357/video,日本沙雕日常
108040256,http://space.bilibili.com/108040256/video,豚鼠萌君
5128788,http://space.bilibili.com/5128788/video,ElenaLin_青青
6574487,http://space.bilibili.com/6574487/video,纳豆奶奶
325310263,http://space.bilibili.com/325310263/video,海绵演讲
1832344,http://space.bilibili.com/1832344/video,MisakaTech
77967368,http://space.bilibili.com/77967368/video,岛田半苏
11264229,http://space.bilibili.com/11264229/video,萝王2号
123938419,http://space.bilibili.com/123938419/video,嘻咦啊看
34858100,http://space.bilibili.com/34858100/video,瞎看什么
5957440,http://space.bilibili.com/5957440/video,曼食慢语
216844,http://space.bilibili.com/216844/video,玩偶菌
19949813,http://space.bilibili.com/19949813/video,恐怖漫画屋
32360194,http://space.bilibili.com/32360194/video,当下频道
10094840,http://space.bilibili.com/10094840/video,治愈迷因
15982391,http://space.bilibili.com/15982391/video,丁香医生
2142762,http://space.bilibili.com/2142762/video,老戴在此
286479171,http://space.bilibili.com/286479171/video,NurdRage
346098914,http://space.bilibili.com/346098914/video,大家测
66454334,http://space.bilibili.com/66454334/video,教主小血歌
363584502,http://space.bilibili.com/363584502/video,表象的本质
475961,http://space.bilibili.com/475961/video,翼王
319020821,http://space.bilibili.com/319020821/video,小小万mini厨房
17171565,http://space.bilibili.com/17171565/video,蔡老板家的长工
99336697,http://space.bilibili.com/99336697/video,树根龙门阵
3380239,http://space.bilibili.com/3380239/video,神奇的老皮
328119610,http://space.bilibili.com/328119610/video,小miu仔
93988993,http://space.bilibili.com/93988993/video,歪嗶歪
272084444,http://space.bilibili.com/272084444/video,银雾影社
20990353,http://space.bilibili.com/20990353/video,努巴尼守望先锋
7792521,http://space.bilibili.com/7792521/video,还有一天就放假了
14110780,http://space.bilibili.com/14110780/video,凉风Kaze
115126480,http://space.bilibili.com/115126480/video,UnboxTherapy
3766866,http://space.bilibili.com/3766866/video,科技美学
6881318,http://space.bilibili.com/6881318/video,MTkoala
11997177,http://space.bilibili.com/11997177/video,三木刃
30865505,http://space.bilibili.com/30865505/video,这个手杀不太泠
12564758,http://space.bilibili.com/12564758/video,TechQuickie
11073,http://space.bilibili.com/11073/video,hanser
81984023,http://space.bilibili.com/81984023/video,吃遍北海道
29876148,http://space.bilibili.com/29876148/video,炉石丶啦啦啦
138262491,http://space.bilibili.com/138262491/video,DiyTale
2728123,http://space.bilibili.com/2728123/video,抽风Crazy
178778949,http://space.bilibili.com/178778949/video,英雄联盟
358578969,http://space.bilibili.com/358578969/video,木友之家辛全生
387994725,http://space.bilibili.com/387994725/video,Mafumafu_Channel
2832110,http://space.bilibili.com/2832110/video,安吉尔·道尔
50444181,http://space.bilibili.com/50444181/video,飞飞舰长
5055,http://space.bilibili.com/5055/video,小缘
91570933,http://space.bilibili.com/91570933/video,篱落呼灯_
10217261,http://space.bilibili.com/10217261/video,九筒Ninetone
17712476,http://space.bilibili.com/17712476/video,吃節操の萌萌兽w
11336264,http://space.bilibili.com/11336264/video,TESTV官方频道
65901796,http://space.bilibili.com/65901796/video,python凡梦
43619319,http://space.bilibili.com/43619319/video,猎影娘
883968,http://space.bilibili.com/883968/video,暴走漫画
95490951,http://space.bilibili.com/95490951/video,科技方法派
546195,http://space.bilibili.com/546195/video,老番茄
145716,http://space.bilibili.com/145716/video,罗兹
946974,http://space.bilibili.com/946974/video,影视飓风
64169458,http://space.bilibili.com/64169458/video,Google中国
314791153,http://space.bilibili.com/314791153/video,面筋哥-程书林
151066,http://space.bilibili.com/151066/video,喜欢拉面
3565041,http://space.bilibili.com/3565041/video,雨田大魔王
138744609,http://space.bilibili.com/138744609/video,千指大人
311602715,http://space.bilibili.com/311602715/video,科技小汪
206840230,http://space.bilibili.com/206840230/video,科幻Fans布玛
4538335,http://space.bilibili.com/4538335/video,nixecandyman
23073350,http://space.bilibili.com/23073350/video,王三顺啦
3989101,http://space.bilibili.com/3989101/video,袜子ψ(｀∇´)ψ
23797294,http://space.bilibili.com/23797294/video,MakerBeta超能实验室
1939319,http://space.bilibili.com/1939319/video,科学超电磁炮F
3619550,http://space.bilibili.com/3619550/video,虚元
367877,http://space.bilibili.com/367877/video,笔吧评测室
14781644,http://space.bilibili.com/14781644/video,老烟斗鬼故事
375375,http://space.bilibili.com/375375/video,伊丽莎白鼠
31200836,http://space.bilibili.com/31200836/video,CoolAppTV
10579668,http://space.bilibili.com/10579668/video,被噎死的饕餮
60233799,http://space.bilibili.com/60233799/video,ABOUTCG资讯
11421405,http://space.bilibili.com/11421405/video,谷神未死
3129234,http://space.bilibili.com/3129234/video,Aniraiden
893053,http://space.bilibili.com/893053/video,夏一可
250858633,http://space.bilibili.com/250858633/video,华农兄弟
39101587,http://space.bilibili.com/39101587/video,虾米大模王
2084361,http://space.bilibili.com/2084361/video,KyleXian
63231,http://space.bilibili.com/63231/video,泛式
16450,http://space.bilibili.com/16450/video,神威鬼鸣
512480,http://space.bilibili.com/512480/video,YUKIri
8482768,http://space.bilibili.com/8482768/video,ZEALER官方频道
1754707,http://space.bilibili.com/1754707/video,柴犬老丸子
1577804,http://space.bilibili.com/1577804/video,某幻君
222190390,http://space.bilibili.com/222190390/video,文真则-文先生
4661665,http://space.bilibili.com/4661665/video,涕姆吃呀么吃寿司
279661,http://space.bilibili.com/279661/video,JIUQIANSHUODAO
19071708,http://space.bilibili.com/19071708/video,潮汕好男人
287462147,http://space.bilibili.com/287462147/video,雪鱼探店
50660116,http://space.bilibili.com/50660116/video,上班族的便当
43647805,http://space.bilibili.com/43647805/video,影视怪蜀黍
40966108,http://space.bilibili.com/40966108/video,倒悬的橘子
1599822,http://space.bilibili.com/1599822/video,小卡塔克
51766,http://space.bilibili.com/51766/video,茶几君梦二
27501395,http://space.bilibili.com/27501395/video,炉石萌萌哒的狗贼
548824,http://space.bilibili.com/548824/video,鸡鸡·夫斯基
319341196,http://space.bilibili.com/319341196/video,RealChubbyemu
203230674,http://space.bilibili.com/203230674/video,Psych2go中文站
44070158,http://space.bilibili.com/44070158/video,是幼情呀
129259501,http://space.bilibili.com/129259501/video,极客匠
2,http://space.bilibili.com/2/video,碧诗
2374194,http://space.bilibili.com/2374194/video,墨韵Moyun
808171,http://space.bilibili.com/808171/video,吃素的狮子
1350031,http://space.bilibili.com/1350031/video,Akarisal
562197,http://space.bilibili.com/562197/video,中国BOY超级大猩猩
449356,http://space.bilibili.com/449356/video,萨达姆奶茶
1820798,http://space.bilibili.com/1820798/video,AlexGuo1998
1707081,http://space.bilibili.com/1707081/video,克里滋肖
1110510,http://space.bilibili.com/1110510/video,小狼TOWER
2962658,http://space.bilibili.com/2962658/video,浮云白
8580108,http://space.bilibili.com/8580108/video,圣剑少女の爱
9117212,http://space.bilibili.com/9117212/video,约谈人参
44473221,http://space.bilibili.com/44473221/video,薛定饿了么
295723,http://space.bilibili.com/295723/video,★⑥檤轮囬★
385474,http://space.bilibili.com/385474/video,彼望黑
13275003,http://space.bilibili.com/13275003/video,炘佶很心急
97101165,http://space.bilibili.com/97101165/video,欧爷美食
238676079,http://space.bilibili.com/238676079/video,村意CY
82385070,http://space.bilibili.com/82385070/video,郝给力
26291614,http://space.bilibili.com/26291614/video,一个可丽饼
927687,http://space.bilibili.com/927687/video,折腾5号
238588,http://space.bilibili.com/238588/video,唧唧歪歪丶萌
7508296,http://space.bilibili.com/7508296/video,疯猴pme
12633655,http://space.bilibili.com/12633655/video,我是爱音乐的徐梦圆
24314825,http://space.bilibili.com/24314825/video,猫店
5697042,http://space.bilibili.com/5697042/video,mz阿哲
166335505,http://space.bilibili.com/166335505/video,QTGANG
144923982,http://space.bilibili.com/144923982/video,美国土豪BBQ
11722013,http://space.bilibili.com/11722013/video,爱玩客iVankr
4370617,http://space.bilibili.com/4370617/video,哀是麦子的球迷
3465843,http://space.bilibili.com/3465843/video,Edgar-Jiang
288239,http://space.bilibili.com/288239/video,虐猫狂人薛定谔
26003646,http://space.bilibili.com/26003646/video,教父Tamici
398510,http://space.bilibili.com/398510/video,泽野螳螂
102984190,http://space.bilibili.com/102984190/video,独立菌儿
1455983,http://space.bilibili.com/1455983/video,搬运鸡
6265316,http://space.bilibili.com/6265316/video,小短腿叔可米
10462362,http://space.bilibili.com/10462362/video,天天卡牌
1320523,http://space.bilibili.com/1320523/video,饭帅fun
13608327,http://space.bilibili.com/13608327/video,望着啊
12434430,http://space.bilibili.com/12434430/video,LinusTechTips
216025,http://space.bilibili.com/216025/video,尕丶天堂
223146252,http://space.bilibili.com/223146252/video,妈咪说MommyTalk
17409016,http://space.bilibili.com/17409016/video,爱做饭的芋头SAMA
234782,http://space.bilibili.com/234782/video,祈Inory
290526283,http://space.bilibili.com/290526283/video,美食作家王刚R
73443770,http://space.bilibili.com/73443770/video,小猫汤姆的水
1643718,http://space.bilibili.com/1643718/video,山下智博
888465,http://space.bilibili.com/888465/video,暗猫の祝福
9824766,http://space.bilibili.com/9824766/video,敬汉卿
10462362,http://space.bilibili.com/10462362/video,天天卡牌