8347666,5137862,狂搅纳豆四千次 你以为。。。,899,1671,397,88115
13096256,7972646,活死人拉面！蓝色食物究竟有多恶心？,391,475,388,154291
14881411,9011835,【自己打耳洞教程】估计看完这个视频也没人敢自己打了。。。,1148,5948,1723,202678
15945976,9648737,【发型教程】大脸必须知道的发型，手残福音，拯救方脸！,987,2544,5799,256893
16234088,9818967,时尚弄潮儿！怎么才能把渔网袜穿的好看又不表？！（附手撕裤子教程）,470,1206,1301,140326
16431038,9939384,【变脸教程】五个独门秘诀，让手残er的脸瞬间缩小50%！,560,1845,1888,75903
17111050,10359613,简单三步改造平胸妹，事业线这种东西谁没有啊？？,981,1402,1050,97524
17390512,10532550,五块钱竟然在日本买到这么多好东西？我的人生都要被大创改变了！,958,3425,760,73057
17644077,10691903,中国妹子在日本街头穿汉服，竟被99%的人误认为是和服！,4623,20455,7632,737190
18086759,10925655,日本女朋友VS中国女朋友，你喜欢哪一个？,11106,16504,5588,638364
18717688,11318794,日本男朋友vs中国男朋友，你钟意哪个？,4201,8864,3170,403693
6538337,4052652,卡乐比麦片里究竟有多少水果 无聊girl的实验,586,563,273,65337
30800903,18886728,周易八卦让日本人一秒折服！路人惊呼准爆了！,2114,1906,372,79769
31225955,19144281,高强度无假期连续工作100天是一种什么样的感受？,2833,3992,1018,60892
31440137,19279504,原来这才是真实的日本留学生活，关于歧视，冷漠和欺骗,6352,9050,2552,79620
32090983,19681034,如果被逼婚的对象是李泽言，你嫁吗？,3930,4226,690,118851
32127106,19703251,当一群日本人里混入了一个中国留学生，他们是如何相爱相杀的？,8114,13577,1648,186066
32404869,19868852,当你和妈妈待了一个假期之后。。,2707,1962,395,120015
32617761,19995721,横行霸道日本语，零基础三分钟教你看懂日本化妆品,3258,3927,1180,90552
33486004,20481822,五国电视剧经典套路指南，看完再也没办法好好追剧了,12564,26495,4446,209622
34150462,20846024,四国语言逆天模仿！看中美日韩家长们如何花式教育“熊”孩子,6116,9364,1320,162115
34680897,21129271,去日本旅游一定要掌握的几句话！看完畅游霓虹国！,3733,4375,2501,88232
35123413,21358809,十五种人的拍照姿势，比直男照相更可怕是披着丝巾的大妈,4120,4151,826,105433
35381325,21496053,日本最美樱花圣地！一期一会目黑川夜樱巡礼vlog#樱花樱花想见你#【豆奶】,3956,2788,836,123629
29384247,17998841,不就是留个学吗？你牛什么牛？,3786,8655,860,71790
29707399,18196181,九国口音模仿各国渣男搭讪，一个视频看穿全世界野男人的套路,5175,9019,2103,126548
30126323,18461009,中国游客没素质？？这个黑锅我们究竟还要背多久？,4404,7978,795,103918
30703934,18825455,自从养了小青蛙，每天都是王大妈,3682,4774,1229,178726
24304517,14916125,学日语专业的女大学生就该下海？我们小语种招谁惹谁了,1763,5237,844,104591
25484662,15663856,中国电视剧VS日本电视剧，吐血苦情戏对打八级台风中的日剧跑，是套路太多还是太作？,5030,8576,2188,270197
27431672,16789379,追星是一种怎样的体验？ 生来本弱，追星则刚,3719,4587,1906,101776
27799042,17006503,中国职场vs日本职场，上班烦，上班难，上班就想出去玩,2985,3770,436,102608
28050855,17170389,中国人爆买日本遭歧视，社会大妈反手就是一个98k疯狂扫射！ 中国店员Vs日本店员第二弹,2531,3259,605,118708
28507523,17453228,日本人真的比中国人懂礼貌？ ？看完这个视频给你答案,3976,8776,845,105550
18950057,11461547,当董小姐在日本东京街头响起，路人们会有什么样的反应？,11912,62241,13659,1728125
19820485,12011876,中国网红Vs日本网红，你眼熟几个？ 特别鸣谢肘子君和大葱酱--,3917,19441,3359,327325
20469739,12434722,日本高中生vs中国高中生，你中枪了没？附：关于校园霸凌想说的话,6321,9345,3973,520696
21117238,12850937,真人示范教你如何追日本妹子，俺就是要成为交际之王的男人！,1613,7133,2406,226347
21487201,13090589,中国大妈Vs日本大妈，斗舞哪家强？？,2621,10053,3020,383963
21795818,13296010,会有歪果仁为四川地震捐款吗？？日本正太萌化我(>_<),1893,10763,1103,188297
22495595,13757389,中国小学生vs日本小学生，你还记得当年做广播体操旁边站着谁吗？,2165,9097,1553,198664
23167176,14193586,日本店员vs中国店员，谁才是销售のQueen？？,1929,5513,2234,268176
53990377,30922313,如何记笔记有条理且高效率？|  最好的笔记方法  | 写笔记技巧 | Back to School | 努力做学霸 | 文具分享推荐 | 学习工具分享,970,333,1077,35917
52580113,23202436,【挪威小哥完整合辑・中字】鬼畜日语的挪威戏精小哥在日本猫咖撸猫，不料惨遭喵主子嫌弃！,636,167,1925,67385
38627741,23203626,外国大胸美女对着车窗整理妆容，万万没想到……如果是我，我可能没脸活下去了,129,21,347,142116
38635566,23207665,“我练功发自真心”的本尊，德国boy如何评价鬼畜素材里的自己？“港真，我想狗带”,4665,1641,14103,610932
38682451,23232927,哈哈哈哈哈！我是谁？我在哪里？为什么我脸上有蛋糕？,12,3,9,1244
38704850,23244902,【撒盐姐】自从撒盐哥火了之后，全世界的做饭风格都变得这么风骚了,65,16,104,18077
38764358,23275703,日本NHK推出的脑洞大开的洗脑神曲「什么都要加牛奶的女人」,115,33,390,9130
38789483,23288945,日本洗脑神曲「老婆大人发飙了」，可以说是非常想要那件富士御神火文黑黄罗纱战袍了,425,80,1192,29293
39328404,23562968,鬼畜日语的挪威戏精小哥在台场虐狗…对不起，是被狗虐,13,4,15,1533
41107517,24478781,教练的内心是奔溃的，但小女孩实在是太可爱了，哈哈哈哈哈哈！,1567,378,3100,219167
41056491,24450165,日本快嘴小姐姐吐槽追星看控时的那些事儿。真的只有追过星看过控的人才懂这种痛,273,37,306,21211
41172992,24512550,鬼畜日语的挪威戏精小哥：睡了一个觉，做了一个梦……花生了什么事？,12,3,6,649
41251499,24553783,日本娱乐节目的玩法真是丰富多彩，指原莉乃的反应也是可爱得没朋友了,6,0,13,1176
41303029,24581898,老虎：宝贝儿别怕~我就是一只大猫而已,4,1,2,298
41319705,24590436,2018东京玩具展上的沙雕拍手机器人好可爱，好想抱回家。哈哈哈哈哈！,8,1,8,494
41498065,24682835,神奇！如何用筷子调教皮皮虾倒立？,3,1,6,682
41592927,24729156,国外一只假装撒娇，再伸jio偷鸡腿，声东击西却屡屡失败的猫，哈哈哈哈哈,7,1,10,397
41618481,24742165,你在玩VR射击游戏，别人以为你在玩VR“色鸡”游戏，哈哈哈哈哈哈哈！,136,41,360,5165
41836790,24823266,平成歌姬宇多田光的成名曲「First love」究竟应该怎么唱？打哈？打蜡？还是打傻？,7,2,10,622
42109114,24943349,日本进入梅雨季节，忘带伞的挪威小哥出门化身蹭伞王！,8,0,10,609
42403479,25068128,如果撒盐哥参加世界杯，能进几个球？一个被厨师耽误的足球运动员,123,7,183,58488
42430345,25083192,【土耳其撒盐哥】最骚最全的撒盐哥2018年合集,62,28,273,14521
42458008,25088102,【中日字幕】唱见歌手まふまふ - 水彩銀河のクロニクル／幕張メッセ【LIVE映像】,186,69,533,4750
42554120,25128194,揭秘隐藏在日本地铁检票机的沙雕高科技，哈哈哈哈哈哈哈哈！,10,1,15,723
42590484,25134258,【世界杯吐槽大会】德国爆冷不敌墨西哥！元首这次真的愤怒了！！！,15,11,13,1838
41071626,24458940,这个就是花泽香菜的「恋爱循环」的MV吧？不然为什么会这么合拍？,10,2,11,576
39734874,23769632,鬼畜日语的挪威戏精小哥参加东京浅草的三社祭，最后表示快被榨干啦！,6,3,4,496
39821494,23814448,鹦鹉不愧是鸟界哈士奇，甚至我开始怀疑它是一只电动鹦鹉,10,2,9,290
39928806,23871099,【挪威小哥】外国人用鬼畜日语唱AKB和宇多田光的成名曲是一种怎样的体验？,16,1,23,2565
39730964,23767771,东京奥运会脑洞宣传片Tokyo Bon東京盆踊り2020，魔性日式英语，让人根本停不下来！,473,235,1452,42891
40367741,24095105,【现实版蜘蛛侠！】法国小伙子徒手攀爬四层楼救小孩！,7,4,6,1362
40362137,24092257,日本妹子去男友家过生日，奇葩男友送的生日礼物竟然是……,10,1,5,715
40479795,24153730,【鬼畜日语的挪威戏精小哥】到了美丽浪漫的横滨才发觉自己是条单身狗是一种怎样的体验？,9,0,10,474
40613197,24223617,土耳其网红撒盐哥的最新力作——铁板牛肉！开头就看得我下身一紧,262,45,405,185704
40898778,24367541,骚不过骚不过，眼睛完全无法离开外国小哥的彩虹内裤,7,2,0,206
40947815,24393460,韩国小哥在街头用惨叫鸡演奏「东京食尸鬼」的主题曲unravel，魔音灌耳,35,7,45,1947
40974979,24409754,让你们见识一下日本安全套的质量，哈哈哈哈哈哈！,6,1,5,593
41047629,24445680,【无敌破坏王2：大闹互联网】辛德瑞拉砸水晶鞋这一幕，不知道砸碎了多少少女的公主梦,943,60,2324,278341
40991448,24415581,日本化妆达人的神奇化妆术，用粘土来“整形”，还有这种操作？,160,26,198,24254
43827578,25689578,日本网友养的小婴猴太可爱了。明明忙着挠痒痒，梳理毛发，却还一直要抓着主人的手指不放,13,0,8,391
43839084,25695148,工作了一天的辛苦了，来看看海豹拍拍拍放松一下吧！,19,9,79,1999
43877528,25713112,花后晴天的结局被人狂吐槽，还是花样男子的结尾百看不厌！,3,0,5,1437
43893173,25720524,【愤怒的元首】世界杯输给韩国队，无缘16强之后，元首又愤怒了,13,11,12,4074
43881469,25715089,【king & prince】杰尼斯新组合的出道曲シンデレラガール（灰姑娘女孩）,6,0,14,2647
44043421,25789886,鬼畜日语的挪威戏精小哥惨遭“仇家追杀”！？日本高知县沙雕网红吉祥物ちぃたん了解一下？,15,3,29,1938
44078365,25805006,【日剧】木村拓哉＆二宫和也的《检察方的罪人》预告片公开！8月24日（星期五）上映！,17,2,27,1772
44513093,25986071,日本岐阜县瑞浪市每年12月举行的「バサラカーニバル」上的沙雕广播体操舞，看完周一瞬间也元气满满了,422,204,1036,22930
44621963,26033427,日本男女朋友分手的奇葩理由（不能翻译，翻译了就被删）,3,0,6,566
44622604,26033810,【巨！可！爱！】这又是一个骗你养鼠鼠的视频,13,3,6,304
44665876,26053994,【しゃべくり007×人生が変わる１分間の深イイ話 合体SP】加藤恵 (CV.安野希世乃)出演片段！,33,24,94,6764
44679452,26059923,日本妹纸吐槽不能喝酒的人的痛苦，若能跟上这语速，何愁N1考不过？,200,21,194,14912
44763200,26106160,健身跑步的撒盐哥，就算不是烤牛排，也看得让我流口水,9,0,2,1113
44832380,26136918,杰尼斯Jr.佐久間大介的杂耍Wota艺，这个真心给跪了，这是我见过的最流弊的Wota艺！,13,1,29,2544
42786659,25207732,哈哈哈哈哈哈哈哈哈哈哈哈！没想到加拿大留学竟然是这样的！循环洗脑，可以说是令人很想去加拿大留学了,7,2,10,340
42810149,25243219,撒盐哥：今天咱不撒盐了，来切香肠吧！,1,0,0,516
42811375,25243602,撒盐哥日常装逼（2018年6月16日）,4,0,3,447
42811629,25243849,【土耳其撒盐哥】最骚最全的撒盐哥2016年合集,5,0,16,839
42812077,25246805,【土耳其撒盐哥】最骚最全的撒盐哥2017年合集,23,7,56,5479
42740974,25208280,今天妈妈不在家之今天校长不在学校,11,1,9,761
42856112,25264055,猫主子：天天被你们吸，算了算了，我自觉点，自己吸行不行？,8,1,14,204
42957894,25306418,日本快嘴小姐姐：致有梦想的年轻人——论如何正确追逐梦想,279,79,537,16028
42959841,25307289,【复仇者联盟3】灭霸的妩媚一笑三连击，看完瞬间被治愈！,20,7,28,696
42961027,25307752,早安少女组。'18×关8「恋愛レボリューション21」-関ジャム 完全燃SHOW,2,2,9,1208
43047382,25345961,松鼠：敲泥妈！！！！！！！！！！,6,4,4,262
43034466,25344089,讲鬼畜日语的挪威戏精小哥变成了一只猪！哈哈哈哈哈！今天的洗脑单词是“他被抬”！,11,3,8,690
43114728,25384145,主子你的jiojio有那么好吃吗？给我也吸一口吼不吼？,12,1,12,240
43334626,25471319,【撒盐哥】今天不看撒盐哥怎么切牛肉，今天来看撒盐哥怎么练肌肉！,4,1,4,368
43502070,25542333,日本快嘴小姐姐总结看完爱豆的控后，现场附近随处可见的各种迷妹。你中枪了没？,277,44,379,20409
43659264,25616809,世界杯小组赛日本vs塞内加尔比赛过后，塞内加尔球迷邀请日本球迷高歌海贼王主题曲！,3,0,0,162
45000447,26216007,挪威小哥带你领略，周末逛银座撩日本樱花妹是一种怎样的体验？,9,1,5,700
45472241,26456448,日本洗脑内衣广告「女高中生的夹裆那些事儿」（大阪腔版）看完令人十分想去买,993,219,3155,98822
45926860,26694539,日本网友说她念书不好的原因找到了，反正我是相信了,16,2,4,474
45945492,26704515,【160313中字】秋刀鱼东大方程式（第一期）：日本最高学府东京大学学霸的爆笑故事,298,129,1702,44480
46013606,26740742,法国戏精小哥Alex Ramirès与他的良心剧组再现《小美人鱼》经典桥段。虽然是低配版，还原度真高啊,44,10,96,2336
46026994,26747546,【160910中字】秋刀鱼东大方程式（第二期）：日本最高学府东京大学天才们的爆笑故事,662,309,4523,114962
46035285,26750237,【170927中字】秋刀鱼东大方程式（第四期）：日本最高学府东京大学学霸们的爆笑故事,177,76,484,23150
46030528,26750829,【170301中字】秋刀鱼东大方程式（第三期）：日本最高学府东京大学学霸们的爆笑故事,119,64,488,24310
46059095,26761016,法国戏精小哥Alex Ramirès的低配版《冰雪奇缘》，法语版「Let It Go」，公主看了想打人,19,5,14,585
46078442,26772981,鬼畜日语的挪威戏精小哥摇身变成铲屎官，并和汪星人发生了不可描述的事情！,13,2,8,473
46082649,26774407,【中字】《银魂2》真人版发布了本片预告，依然延续了前作的爆笑风格,59,14,64,6653
46293003,26887323,【撒盐哥】为牛排注入灵魂180715,4,1,3,719
46300141,26890891,风间俊介真是厉害了，二宫和也的音乐一响，舞蹈就来,19,3,22,2408
46442067,26965723,和国宝熊猫斗智斗勇是一种怎样的体验？「我终于逃出来了咯！」,13,0,12,554
46464277,26977879,日本一家干洗店门口，一台会唱Rap会竖中指会骂娘的暴躁机器人,10,1,8,581
46484308,26988254,【第一届日本赛马世界杯/中字】这绝逼是史上最鬼畜、最好笑、脑洞最大的赛马游戏,72,20,144,10379
46484929,26988527,【第二届日本赛马世界杯/中字】这绝逼是史上最鬼畜、最好笑、脑洞最大的赛马游戏,57,19,111,9374
46486033,26989045,【第一届/中字】外国油管主PewDiePie吐槽日本赛马世界杯，过于欢乐过于沙雕,55,23,134,7364
46489137,26990666,【第二届/中字】外国油管主PewDiePie吐槽日本赛马世界杯，过于欢乐过于沙雕,101,25,202,14254
46464793,26978201,日本网友爆笑吐槽网球王子。你们这是在打网球，还是在召唤灾难啊？,64,8,126,5746
46465333,26978399,日本网友吐槽网球王子第二弹，这回终于是要毁灭地球了吗？,85,16,218,10426
46605349,27053299,【180330 中字】秋刀鱼东大方程式（第五期）：日本最高学府东京大学天才们的爆笑故事,243,140,1294,49467
46468581,26980336,日本小哥的脑洞研究：开豪车对搭讪美女的成功率影响如何？,57,6,170,37368
46689331,27103244,美国Flower Mound警察局对口型挑战梅根特瑞娜的《me too》，又是一群被警察事业耽误的舞者们,6,1,5,360
46728299,27117102,大块吃肉！土耳其网红撒盐哥的早餐，看起来好爽！180718,7,1,4,974
46729811,27117711,天降大盐，从另类角度看撒盐哥注入灵魂,7,0,3,496
46764323,27135914,非洲大兄弟一觉醒来突然想住湖景房，于是…,20,9,16,1242
46888295,27203017,嘴上说着爱村上信五，手机里存的却是樱井翔的中国留学生,134,15,303,64479
46890359,27203827,挪威小哥假装我是法国人，还吃了蜗牛，哈哈哈哈哈哈哈哈哈哈哈！,11,1,8,642
46890455,27203856,挪威小哥逛王子动物园，这次用的是意大利口音，一股浓浓的披萨味迎面扑来,11,1,9,581
47724291,27652816,竹内涼真与大叔们演绎心动瞬间，太苏了，简直瞬间秒杀！,38,5,70,2804
47758222,27671234,美国2位小伙子用口风琴再现超级马里奥，满满的童年回忆杀（Melodica Men）,30,13,17,558
47758546,27673594,美国小伙子勇口风琴演奏星球大战系列主题曲串烧，开场惊艳堪比原声,21,9,11,376
47774421,27679633,日本仿音大神ガッシュ的脑洞洗脑神曲银魂版《什么都要加糖的武士》，改编自《什么都要加牛奶的女人》,175,33,292,9200
47937499,27767272,日本化妆达人まあたそ教你如何化妆,140,31,197,17038
47937483,27767430,日本化妆达人まあたそ欢乐吐槽一年前自己的化妆,1100,201,1694,132554
47939987,27768319,【车震化妆！】日本逗比美妆达人的核弹级爆笑化妆视频，在疯狂颠簸的车子上化妆是一种怎样的体验？,671,335,1506,31760
48033221,27820288,挪威小哥来到大阪！学了一句大阪腔“搞毛啊”，还和欧巴桑激情互动，欧巴桑辣么努力了，不知道小哥最后到底买了衣服没,15,2,8,868
48067208,27837763,日本逗比美妆达人まあたそ教你如何用DDK睫毛膏刷出翅膀飞上天,99,22,86,11061
48564826,28102602,【撒盐哥】180729撒盐哥的牛排大餐,11,2,2,1113
48727054,28190170,日本逗比美妆达人まあたそ化妆成黑辣妹作死挑战CoCo咖喱十倍辣！,357,66,492,38226
48816958,28237569,【中字】【180516本能Z】揭秘日本顶级学府京都大学的学生宿舍熊野寮！,30,9,118,5682
49043366,28354684,老虎伐木累！挪威小哥的大阪时尚品味你给打几分？,12,0,7,587
49095840,28382035,【校园封神榜】屋顶告白大会之青春篇，看完笑着流泪唏嘘不已,81,26,199,16455
49121838,28396520,【中字】【月曜から夜ふかし】月曜夜未央180115,33,12,64,8004
49147326,28408424,拍抖音视频时遇到了猪男友是一种怎样的体验？,21,4,6,1044
49196238,28434370,【まあたそ】日本逗比美妆达人的脑洞验证：矛（水枪）与盾（防水化妆品）究竟谁更强？生女儿如果不是用来玩的，那将毫无意义！,200,47,254,17965
49146651,28407815,日本快嘴小哥盘点每个人的班级里总有一个这种家伙。好想回到那中二的校园生活啊！,35,9,50,3098
49772467,28647778,【中字・直到世界的尽头180617】imoto的世界之旅in中国，重庆+云南,243,62,708,69809
49766370,28723267,【中字・直到世界的尽头180311】imoto的世界之旅in中国，云南+湖南,200,61,504,59007
46891457,27204226,挪威小哥模仿中国人讲日语，这个中式日语快把我笑死了,155,12,150,38984
46839644,27177051,日本九州人的各种脑洞沙雕神技，兄贵刨冰了解一下？,11,3,16,676
46995262,27259565,拼了老命在表演，结果被橘猫实力抢镜了,14,1,3,364
47075797,27303322,日本抖音美女遭日本小哥犀利神吐槽，哈哈哈哈哈哈！看完很想打人,32,4,19,2515
47092291,27318439,刀剑神域×怪物弹珠合作发售的「二刀流手机壳」唤起你的中二之魂，可以说是非常想要这个沙雕手机壳了,33,9,50,1970
47105898,27318574,日本女生的包包里藏着什么秘密呢？挪威小哥为你揭晓答案！,15,1,10,933
47153693,27345729,日本东京都交通局官方创意宣传片「东京电车内的故事 Tokyo train story」，生动形象地刻画了社畜们的一天上下班之旅,21,5,26,989
47518898,27542158,前段时间日本关西地区因暴雨受灾严重，今日二宫和也亲临广岛，为灾区群众打气加油！,73,19,121,3924
47535396,27550899,日本声优小哥もる用性感低音强撩Siri，结果Siri内心毫无波澜，甚至最后还秀了段B-box，可以说是十分不解风情了,1366,413,2903,33980
47617884,27595046,恶心宅男和帅哥低音的差距有多大？日本小哥切换的瞬间，妹子的态度180度大转弯了，最后甚至开始聊起了命运,383,79,689,15757
50275880,28988048,早稻田大学高学历艺人演讲「丑女的生存之道」——假设丑女幸福论。这个看脸的世界，真的太残酷了！,160,63,743,22737
49783358,28738178,【日本快嘴小哥减肥吐槽第一弹】短短的2分钟，受到的暴击不下2万次，字字珠玑，句句扎心。结尾更是气得想摔手机。,73,26,200,4122
49781311,28736751,【日本快嘴小哥减肥吐槽第二弹】话糙理不糙，为什么他一直在骂我，我竟无法反驳？,98,36,248,5415
50846426,29282495,【Yabatan】鬼畜日语的挪威戏精小哥首次上电视采访！带你了解一个真实的挪威小哥。,51,14,42,4005
50961744,29333734,点开视频前，我设想了无数种结局，但最终还是万万没想到……,27,4,16,1070
51125336,29410323,将世界各国的语言空耳成日语会出现怎样的奇迹？画面太美了，简直无法直视。不知道有没有中文版，跪求！,106,25,258,11999
51148214,29423603,150万粉丝的日本油管主ブライアン看中国网红妹子的神奇化妆术，屡屡上演“真香”桥段,19,3,19,3576
51152225,29424284,150万粉丝的日本油管主ブライアン看中国网红妹子化妆看到怀疑人生，“女人太可怕了”,26,3,15,3534
51153914,29425209,看完中国网红妹子化妆后看卸妆，150万粉丝的日本油管主ブライアン依然吓得直哆嗦,41,1,28,5437
51233866,29467857,日本逗比美妆达人まあたそ传授减肥绝招——论如何瘦成一根牙签？途中还秀了段欅坂46 的「不协和音」，总之是有理有据，非常令人信服了,340,55,410,31922
51116054,29405879,日本洗脑神曲，山茶花工厂的《社畜求职之歌》听完脑袋里挥之不去的都是“有露西裤噢内该姨洗马丝”,3492,1094,9724,434451
50786690,29248618,【山茶花工厂・中字】【就在今夜我要浪个够】日本的夏天就是花火、浴衣和恋爱的味道,44,10,77,3098
51959151,29840969,日本快嘴声优小姐姐盘点女朋友是胖纸的三大好处。听完令人十动然拒,356,86,391,23230
51961276,29842085,日本发售的无视印度人建议的「无视印度人的咖喱」，阿三哥的内心是奔溃的,24,1,7,1864
51967993,29844493,相貌决定对错！日本快嘴小姐姐吐槽为何美女做什么都是对的，丑女做什么都是错的？人艰不拆啊！,914,165,1019,57230
51981793,29849769,【まあたそ】日本逗比美妆达人教你如何将单眼皮秒变双眼皮！简单又好用，可以说是万年单眼皮妹纸们的福音了！,468,94,1438,40709
51989964,29856299,日本声优小姐姐快嘴解析为什么网络上喷子横行？告诉你们一个秘密，喷子其实都是内心纯粹，有话直说的老实人呢,739,319,667,34115
52177289,29948331,日本核弹级魔性爆笑洗脑神曲「请把女儿嫁给我」，我已中毒，快帮我叫救护车！,17829,9626,42737,979007
52319198,30019818,继《请把女儿嫁给我》之后，又一首日本洗脑Rap神曲——《审判》,13628,5923,37643,998098
52407988,30068225,【中字・直到世界的尽头150712】NEWS成员手越祐也挑战中国传统手艺——画糖人！天津篇,172,34,392,43261
52458668,30094556,【本能寺之变】日本广播体操少年的跳舞学历史系列洗脑神曲！油管上点击数破5900万！,2936,1130,8350,291470
52496169,30113361,【遣隋史・小野妹子】日本广播体操少年的跳舞学历史系列神曲，油管上观看数破1600万！,447,110,950,49430
52579051,30157401,鬼畜日语的挪威戏精小哥in挪威，回到挪威无妹可撩怎么破？那就撩牛羊吧！,66,9,37,2482
52551356,30142729,【比利来航・黑船事件】日本广播体操少年的跳舞学历史系列洗脑神曲，油管上点击数破2900万！,379,73,744,45372
52622285,30178397,【岛原之乱】日本广播体操少年的跳舞学历史系列洗脑神曲，油管上点击数破1800万！,538,114,875,48279
49835019,28764035,【中字】Welcome to 上海！日本电视台带你吃遍上海！ Part.1 真老大房+夜市豆浆油条店,22,8,172,9126
49839366,28765635,【中字】 Welcome to 上海！日本电视台带你吃遍上海！ Part.2：外婆家+阿娘面,67,8,268,35215
49839891,28766023,【中字】Welcome to 上海！日本电视台带你吃遍上海！ Part.3 茂隆+酷必,138,14,557,68252
50029071,28862746,【冷知识之种】女神石原里美的嘴唇用食材怎么做？丧心病狂的日本人民终于研究出来了,122,54,315,16088
50164762,28929630,日本网友PANPALION脑洞翻唱DA PUMP的《U.S.A.》——洗脑神曲《大！农！村！~宫城县栗原市》了解一下？,36,15,29,1503
53594446,30702413,日本广播体操少年教你如何做「蛋包饭」,517,88,767,51441
53710054,30765238,【现充与非现充】日本荞麦店店长たすくこま填词翻唱初音ミク的《千本樱》,91,28,51,2476
53755853,30788547,日本广播体操少年的抖腿洗脑神曲「那个我完全不知道」(各地方言版),965,276,2186,124876
53785913,30806651,当装逼遇上更装逼的。日本广播体操少年的洗脑神曲——调酒师,5774,2380,15593,533220
53775797,30800815,【神作！】日本仿音大神教你如何在3分钟内模仿出10种动漫角色的声音,545,222,957,12941
53771624,30797994,不是那么喜欢抖音，但这种的真的可以有,162,23,65,7051
54031731,30943701,【まあたそ】日本逗比美妆达人自爆黑历史，重化辣妹妆！,184,24,92,13959
54151177,31007246,【Part 1】日本观光局（JNTO）发布的官方宣传片「JAPAN - Where tradition meets the future」,130,50,186,5009
54173176,31019910,日本广播体操少年的岳父生日洗脑祝福曲《ghost？见鬼？》,1758,540,4300,174115
54175482,31021030,日本广播体操少年洗脑抖腿神曲「意大利面超赞哟！」我居然听饿了,1062,396,1767,87088
54175771,31020426,日本广播体操少年的洗脑抖腿神曲「不要钻我X头！」，警告！进来了就出不去了！,2145,904,4683,207021
54151463,31007334,【Part 2】日本观光局（JNTO）发布的官方宣传片「JAPAN - Where tradition meets the future」,47,13,99,1760
54264336,31070385,「舌忝食巩心心布分子」by日本广播体操少年×一个人也可以嘛乐队,472,143,778,42797
54268938,31071927,【筷子・日本之形】沙雕日本人教你用餐礼仪之筷子的正确用法，吓得我都不敢用筷子了,248,41,366,18430
54279740,31077486,「男人的X头」日本知名声优激情演唱羞羞爆笑洗脑歌，僕らの意味~男の乳首~,347,57,646,22005
54326789,31102721,2018年度最强的21号台风袭击日本，威力之大，令人咂舌,85,4,20,3603
54406315,31145597,【寿司・日本之形】沙雕日本人教你如何正确优雅地吃寿司。你们以前吃寿司的姿势一定不对！,312,73,640,25926
54407074,31146041,【喝茶・日本之形】喝茶是门大学问，严谨认真的沙雕日本妹子教你如何正确优雅地喝茶。一个字，完美！,145,32,213,8432
54407857,31146479,【谢罪・日本之形】沙雕日本人教你生活中最常用的实用技能，如何鞠躬道歉，没有什么是一个鞠躬不能搞定的，如果不行，那就两个！,185,31,187,10872
52641710,30189277,【关原之战】日本广播体操少年的跳舞学历史系列洗脑神曲，油管上点击数破2500万！,541,132,1285,67513
52661240,30200974,【三国人物・卑弥呼】日本广播体操少年的跳舞学历史系列洗脑神曲，油管上点击数破1900万！,381,63,788,60817
51995855,29856999,日本油管主シイナナルミ盘点男票身边烦人的男男女女关系。尤其是那些多管闲事的大猪蹄子们！闭嘴吧你们！,111,14,43,3479
52576901,30156384,日本声优小姐姐手把手教你找男朋友。不是你找不到，而是你的打开方式不对。,1135,179,1528,103176
52811498,30275613,【撒盐哥】手肘最咸的男人教你如何在员工面前撒盐装逼,67,2,11,2622
53148541,30457561,【保护生物令】日本广播体操少年的跳舞学历史系列洗脑神曲，油管上点击数破670万！,294,50,418,23754
53171699,30471184,【茶圣・千利休】日本广播体操少年的跳舞学历史系列洗脑神曲，油管上点击数破670万！,398,89,687,40737
53202629,30486765,【爱狗家・西乡隆盛】日本广播体操少年的跳舞学历史系列洗脑神曲，油管上点击数破670万！,208,29,326,22088
53222704,30497949,《E判定》——继《请把女儿嫁给我》之后，广播体操少年的又一首节奏优美的魔性洗脑神曲,2503,875,5865,196096
53451697,30623667,【新垣结衣】女神就是，即便是NG镜头，也能可爱得没天理！,137,23,134,12168
53564447,30686931,日本广播体操少年再出魔性洗脑神曲——《别管那些破事了，不如跳舞？》,1727,438,3206,214711
55200956,31570438,哈哈哈哈哈哈哈哈哈哈哈哈哈哈神TM哈利路亚,326,90,404,19328
55292388,31620596,曾经火爆全球的洗脑神曲“蚂蚁牙黑”再度袭来，Dan Balan - Numa Numa 2 (feat. Marley Waters),1778,885,2894,90551
55301930,31611931,【佩里来航・黑船事件】又有妹子啦！日本广播体操少年×Cheeky Parade,59,7,24,3412
55279914,31613404,日本写真女星桥本爱实带你探访「外国人最喜爱的日本温泉」，居然是个露天温泉，还是个混浴！,95,5,57,5798
55302055,31625483,【O.N.I.G.I.R.I】日本广播体操少年×オリエンタルラジオ的抒情rap,179,38,149,7158
55219182,31566852,【中字】【月曜から夜ふかし】月曜夜未央151221 关于嘘嘘的脑洞趣闻,120,23,157,8233
55335949,31643730,【RPG游戏】日本广播体操少年翻跳自己的洗脑神曲「遣隋使・小野妹子」,185,19,93,17052
55435428,31699257,日本广播体操少年的「岛原之乱」版长崎观光胜地九十九岛,110,16,63,6501
55439303,31700883,【熊本城之歌】日本广播体操少年×熊本熊,579,112,798,62390
55278577,31612629,【小野妹子・遣隋使】日本女高中生组合「アモレカリーナ名古屋」翻跳日本广播体操少年的洗脑神曲,80,4,36,5409
55237457,31589244,【小野妹子・遣隋使】日本女高中生组合Chu-Z翻跳日本广播体操少年的洗脑神曲,50,7,23,2360
55061207,31497319,【enjoy play】日本广播体操少年×Garage Sale仅练习了20分钟的舞蹈成品！,345,58,435,43619
55092487,31512995,【月曜夜未央】日本人的惊人发现！丰胸手术过后的欧派，能！发！光！感觉可以预定今年的诺贝尔奖了。,596,91,760,131038
55087266,31510322,【まあたそ】日本逗比美妆达人的脑洞验证：同样的化妆手法，美女和丑女的差距有多大？,578,107,697,44597
54629962,31265269,【去九州玩吧！】日本广播体操少年的九州旅游宣传之遣隋使・小野妹子,155,28,110,9367
54634363,31267632,【个人号码之战】日本广播体操少年×女高中生版关原之战,698,158,1019,88588
54683994,31301973,【俄罗斯方块】日本广播体操少年×一个人也可以嘛,606,108,570,67435
54738445,31324581,【棒球指示】日本广播体操少年×一个人也可以嘛,178,30,167,16405
54147691,31005551,日本快嘴声优小姐姐教你如何分辨一个人是否会做饭。男生们速拿笔记本抄下来,451,40,341,28693
54153900,31008656,【中字】真・佛系歌手药师寺宽邦演唱的《般若心经 托钵 short ver》，妈妈，我想去日本当和尚,74,33,135,3502
54154713,31009106,【中字】真・佛系歌手药师寺宽邦的佛系摇滚《般若心经 cho ver. 》,230,71,290,6307
54595492,31246478,日本网友神吐槽儿童瞬足广告，看完居然有点想买是怎么回事？,142,20,51,3558
54595788,31248638,日本超人气搞笑艺人渡边直美的化妆视频。全程跟着爆笑，根本停不下来！Naomi真是太可爱了！,121,10,38,5335
55013839,31471027,【西甲国家德比 皇马vs巴萨】日本广播体操少年×武田玲奈版本能寺之变,190,32,179,12076
55047946,31489269,【岳父和女婿的故事（上）】日本广播体操少年的「まちゃあき公司的螺丝CM」，结尾爆笑高能预警！,223,31,229,26046
55049053,31489751,【岳父和女婿的故事（下）】日本广播体操少年×一个人也可以嘛。内有惊喜！核能预警！,241,37,215,18220
54610611,31255086,【本能寺之变】日本广播体操少年×8.6秒火箭炮in娱乐之神,306,79,374,41840
56243659,32146157,日本仿音大神ともきち模仿声优杉田智和的声音配音「工作细胞」，原本萌萌哒的血小板妹纸，瞬间变成银魂式鬼畜大叔风。更万万没想到的是结尾……,250,47,214,9561
56265826,32162187,日本快嘴声优小姐姐的人生感悟——「丑女的生存方式」。看完顿感累觉不爱，这个看脸的世界太残酷了,990,194,1164,50943
55913413,31966526,【关原之战】日本女高中生组合「アモレカリーナ名古屋」翻跳日本广播体操少年的洗脑神曲,121,16,59,7053
56196854,32123021,日本快嘴声优小姐姐吐槽学生情侣们的各种狗血。结尾毫不相干的一席话却说出了本人的心声，擦泪,971,133,975,52634
55913705,31966667,【佩里来航】日本女高中生组合「アモレカリーナ名古屋」翻跳日本广播体操少年的洗脑神曲,92,4,15,3570
56199432,32123900,日本快嘴声优小姐姐教你如何在劈腿出轨后找借口求原谅，超实用新技能get√，快拿小本本记下来！,259,36,217,13692
55827705,31917746,日本体育大学的传统表演：日本人的「集体主义行动」到底有多牛逼？,47,10,41,1904
56198207,32123372,日本快嘴声优小姐姐疯狂diss男人出轨劈腿后的各种借口。她说得好有道理，我竟无法反驳。最后的结尾亮了,1036,209,1223,48736
56817288,32459262,2018年最新一期的「V6未成年人的主张」上，日本追星肥宅小哥发出绳命呐喊！你们大人怎么这么卑鄙啊！！！,124,10,60,4925
56248022,32150937,日本快嘴声优小姐姐吐槽少女漫画中常有的狗血情节。哈哈哈哈哈哈！瞎说什么大实话嘛！讨厌！,742,117,812,35530
56802956,32464555,2018年最新一期的「V6未成年人的主张」上，日本小哥捡到了不可描述之物，并感叹当消防员灭火真的好辛苦哦,186,29,249,32929
56800388,32462786,2018年最新一期的「V6未成年人的主张」上，日本小哥在屋顶狂撒狗粮的同时，发出了绳命的呐喊：这是“操”劳过度啊！！！这狗粮，可以说是甜的发鼾了,199,39,459,38542
56825609,32477762,2018年最新一期的「V6未成年人的主张」上，日本高中生妹纸展示了她随便什么音乐都能跳舞的惊人天赋,141,15,62,11428
56836773,32484976,2018年最新一期的「V6未成年人的主张」，人生最美好的就是两情相悦，最痛苦的莫过于苦恋不得回应,144,24,112,11159
56841935,32487857,2018年最新一期的「V6未成年人的主张」上，害怕被摸成秃子的混血小哥对同班女同学们发出了绳命的呐喊：表！摸！我！,139,13,87,6774
56904095,32521810,【180924未成年人的主张】屋顶告白大会爆笑篇合辑，精彩程度秒杀湖南台的少年说,1709,1037,4509,190529
56992463,32569900,【180924未成年人的主张】屋顶告白大会恋爱虐狗篇合辑，精彩程度秒杀湖南台的少年说，看得本汪内牛满面！,888,512,2253,86801
54408453,31146869,【下跪・日本之形】沙雕日本人教你紧急时刻的救命技能——下跪认错的正确姿势。,183,32,215,8399
54457338,31173107,【死亡笔记】日本广播体操少年×一个人也可以嘛,769,167,1069,92484
54600163,31248997,【yabatan】挪威小哥全程撩妹，火力全开！今天出镜的全是美女，如果说挪威小哥是单身狗，那也一定是全世界最幸福的单身狗,75,2,12,1730
55229045,31582846,【本能寺之变】日本女高中生组合KissBee翻跳日本广播体操少年的洗脑神曲,115,10,42,5929
55228388,31584240,【本能寺之变】日本女高中生组合「アモレカリーナ名古屋」翻跳日本广播体操少年的洗脑神曲,159,24,100,10474
55217699,31578515,日本快嘴小哥DJ社长教大家如何当好一位佛系博主，受教了受教了,111,7,21,2523
55277685,31612333,【小野妹子・遣隋使】日本女子组合スルースキルズ翻跳日本广播体操少年的洗脑神曲,111,12,23,5706
55811321,31909064,【KissBee】女高中生版日本广播体操少年的「黑船事件・佩里来航」,50,9,52,3831
55840046,31924869,【阴阳师】日本广播体操少年的跳舞学历史系列番外篇,296,75,316,16390
55930617,31975570,【不想上班】时隔八个月，打首狱门同好会再出魔性摇滚神曲，还记得那首冬日洗脑神曲「我不想从被窝里出来」吗？,47,13,48,1437
55931994,31976287,【泡澡睡觉！】打首狱门同好会的魔性摇滚洗脑神曲泡澡睡觉！泡澡赛高！,150,33,99,2795
56021087,32026963,日本冲绳搞笑艺人ワラしがみ吐槽东京奥运会抠得一比，该花的钱不花，不该花的钱瞎激八花,127,10,31,3279
56144817,32093813,柯基：“铲屎的，我就是嘴上说说而已，你怎么就来真的？？？？？？？？？？”,117,10,46,4673
56149602,32096345,【做空之乱】日本广播体操少年翻跳洗脑神曲「岛原之乱」,203,29,124,14536
56167056,32106064,【まあたそ】日本逗比美妆达人maataso为了庆祝100万订阅，去蹦极啦！,572,92,498,31911
56236236,32144494,【狡猾老头・德川家康】日本广播体操少年翻跳洗脑神曲，《本能寺之变》的综艺版跳舞学历史系列,266,57,254,17865
57182039,32675731,旋转寿司吃腻了？旋转甜点了解一下？挪威小哥回到日本，就跑去吃了旋转甜点了。啥也不说了，这家旋转甜点给你多少的广告费，我旋转寿司给你双倍！,144,7,25,4323
57229351,32701267,【唱见歌手まふまふ】After the Rain 埼玉Super Arena 2days 精华合辑动画,287,37,527,7411
57299732,32740416,【180917中字】秋刀鱼东大方程式（第六期）：日本最高学府东京大学天才们的爆笑故事,199,119,554,22914
57345460,32765429,【3小时SP完整版熟肉180924・V6的这就是爱2018】未成年人的主张全国大赛开幕！,909,831,3407,67339
57387584,32787215,澳洲大佬coser A.K. Wirru灵魂cos 80后小时候的最爱《拳皇》中的大妹纸「不知火舞」，看到结尾，我都感动得哭了,384,47,229,21248
57454604,32829805,【桂三辉的爆笑英语相声】加拿大老外详解日本落语（单口相声）是什么鬼？,43,8,29,2361
57455738,32830650,【桂三辉的爆笑英语相声】加拿大老外吐槽将日本的敬语翻译成英语简直能烦skr，英语是最粗鲁的是什么鬼？,93,44,93,3612
57458187,32831363,【桂三辉的爆笑英语相声】加拿大老外吐槽用日本人的方式跟欧美人打电话是一种怎样的体验？,146,24,45,3977
57669052,32951491,日本逗比美妆达人まあたそ教你如何在短时间内用物美价廉的化妆品画出美人妆。最后画出来的样子真的有惊艳到我。妈妈，我想谈恋爱了！,575,80,999,64403
57728414,32982080,日本油管主かも爷吐槽谁才是名侦探柯南里最强的角色。工藤新一？小兰？万万没想到！原来是你！！！,274,22,75,7426
57788558,33016558,【MV】日本广播体操少年 - BOUNCE BOUNCE BOUNCE (Short ver.),207,64,192,10251
57794739,33019032,【没关系啦~】日本广播体操少年×アキ的合作舞,553,92,415,31056
57875045,33065682,日本美女吐槽胸大的各种坏处，真的没你们想象中那么好！,72586,29382,172610,6873210
57892455,33075266,装逼被打脸是一种怎样的体验？学霸东大学长diss装逼学弟。节目组的剪辑可以说是非常恶意满满了,1873,719,3573,234003
59727344,34100065,日本纪实节目「沉迷于牛郎的女人的收入明细（4/4）」。富婆：有钱就是任性，钱只不过是碎纸而已，养牛郎怎么了？,1982,257,3642,763130
59710368,34089834,【大松绘美】日本快嘴声优小姐姐吐槽为何爱豆控票总是被没有爱的新粉抽走，而老粉则吃土都抽不到！不要再靠运气随机抽了，我们改成写论文考试好不好啊！！！,395,33,146,13705
59820852,34149641,日本综艺大调查：女性之间的性的差距！30+老处女和百人斩超肉食女子究竟有何不同？,986,186,3097,331431
59698681,34083313,【桂三辉的爆笑英语相声】加拿大老外哭诉日语的片假名看起来很简单，其实却很难得一比，就连欧美人都会抓狂,208,7,40,3493
59979832,34244420,印度传统运动MALKHAMB，这可能是全世界最牛逼的钢管舞了,396,33,98,9762
59699090,34083498,加拿大老外吐槽歪果仁迷恋日本文化过头了，那位要和厨房过一辈子的兄dei可以说是十分令人同情了,248,18,43,7350
59818701,34148376,东京上野动物园里公开的大熊猫香香回收工作，实在是太可爱啦！,338,31,91,17387
60217624,34374769,哈哈哈哈哈哈哈哈哈哈！求单身帝企鹅的心理阴影面积【详情请看简介】,341,38,174,8759
60292017,34417088,TV动漫「我家的女仆有够烦的！」片头曲「烦屎了烦屎了☆哇噢！」10.24发售！,762,154,735,44551
60333758,34442579,日本综艺大调查「寂寞空虚冷的夜里，妹纸们都在干啥？」,135,16,68,10775
60339552,34444058,画风清奇的TV动漫「我家的女仆有够烦的！」片尾曲「心动☆高炒」10.24发售！,820,188,862,71703
60475921,34520643,【中字・20181023月曜夜未央】街上的个人新闻篇cut。这期又有位中国留学生妹纸出镜了,567,132,589,69757
60490115,34528675,【神谷惠丽奈】油管美女陪你一起泡温泉,1376,434,1538,121322
60564480,34571607,【yabatan】挪威小哥去书店看书，结果才发现是一家兔咖啡！看看啥书啊，吸兔纸去啦！,272,18,32,4437
60636846,34611806,美国胖大叔Brian Hull用迪斯尼的各种角色演唱《马戏之王》的插曲This Is Me，水平之高，简直是声优级别了啊,298,65,120,3005
60421696,34490623,【神谷惠里奈】日本大胸美女自曝洗澡方法❤,3395,600,2982,297716
57895214,33076742,谁才是真正的有钱人？东京23区富婆的精彩撕逼diss大赛。月曜的采访简直就是恶意满满啊,2592,1449,4520,400392
57994070,33133647,【yabatan】挪威小哥在涩谷变身女！装！大！佬！而且还是辣妹版女装大佬！,201,14,27,5343
58105475,33196651,神谷惠里奈带众美女一起挑战「裤D拉链吉尼斯记录！」是否能成功？！,1160,198,2097,219443
58142755,33219077,【大松绘美】日本快嘴声优小姐姐的25岁生日吐槽。什么！？到了25岁就是老阿姨？？？,709,103,344,26257
58235792,33272024,【桂三辉的爆笑英语相声】加拿大老外狂夸饭团是日本的天才之作，夸到最后，甚至都开始觉得自己是日本人了。,52,4,15,1972
58236591,33272721,【桂三辉的爆笑英语相声】加拿大老外吐槽日语是一门非常危险的语言。哈哈哈哈哈！举的例子可以说是非常形象生动了,89,13,37,3241
58239548,33274761,【饭团・日本之形】沙雕日本人手把手教你如何做出至高美味的饭团。看完了我居然很想尝试一下是怎么回事？（手动滑稽）,522,82,805,27999
58237975,33273784,【桂三辉的爆笑英语相声】加拿大老外吐槽日本人的谦虚让人心累，聊天永远无法结束。非常在理，可以说是我的心声了,275,28,66,6637
58329574,33330999,【大松绘美】日本快嘴声优小姐姐变身戏精模仿美妆系YouTuber。这次语速一点都不快了，但是我很怕你拍完视频，就被人套麻袋了,520,50,312,30677
58402309,33364776,【神谷惠里奈】日本美女挑战「衣服快脱吉尼斯记录」，10秒脱10件，很轻松，洒洒水啦~,5473,2229,14347,950499
58592352,33470882,日本快嘴声优小姐姐吐槽作女的种种典型表现，这不就是我们一直常说的绿茶婊吗？,1132,169,1071,59207
58624974,33486549,日本番组揭秘正确的锻炼腹肌方法。哈？仰卧起坐原来是这么做的？今天仰卧，明天起坐吧。反正教程已经先码了。,885,257,5661,70260
58675533,33515559,哈哈哈哈哈哈！这是全日本最牛逼的广播体操少年，不服来战？,310,19,45,14126
56997246,32574996,【180924未成年人的主张】屋顶告白大会亲情篇合辑，精彩程度秒杀湖南台的少年说！差点把我看哭了,218,103,299,17120
57007622,32580845,【180924未成年人的主张】屋顶告白大会师生篇合辑，精彩程度秒杀湖南台的少年说！,335,191,596,30180
57073330,32614819,【180924未成年人的主张】与自家爱豆Lady Gaga面对面是一种怎么样的体验？屋顶告白大会上吼着要去见爱豆的小胖纸，居然真的实现梦想了！厉害了！我的V6！,536,410,800,33437
58792874,33581533,【MV】日本广播体操少年 - Novel(Short ver.),436,145,340,11967
58796246,33583580,【神谷惠里奈】日本美女亲自试穿评测优一库的无缝凶兆是否方便运动,2268,556,3148,204446
58905569,33645698,【yabatan】挪威小哥出门遇到最爱的狗子，还遇到了女星千秋酱。可是为什么完美的际遇，却总是发生在梦里呢？,72,5,6,2126
58674636,33515054,【桂三辉的爆笑英语相声】加拿大老外戏精附体，疯狂吐槽公演时没有礼仪的日本人,183,18,21,3628
58672748,33514161,【神谷惠里奈】男生必看！日本美女解析胸大的种种辛苦之处,1028,194,956,83000
58674125,33514806,【桂三辉的爆笑英语相声】加拿大老外教你唱拍手歌。如果感到快落你就拍拍手~,76,16,20,1328
58673674,33514576,【拍手・日本之形】沙雕日本人教你如何拍手打call,296,21,102,8134
59272388,33848859,日本青森县鹤田町举行「秃子的光头吸盘拔河大赛」，以我的脱发速度，我想我两年后可以报名参赛了,251,13,25,6270
59457725,33950867,【yabatan】万圣节即将来临，挪威小哥拿着手机带你们提前感受万圣节气氛！,228,5,21,3786
59581539,34019906,【20170810中居之窗・东京23区SP撕逼大战】东京富婆撕逼大战后，艺人们也来互相diss「我的区才是最棒哒！」，大家最喜欢哪个区呢？,437,109,731,46264
59694162,34083002,【桂三辉的爆笑英语相声】加拿大老外感叹日本折叠文化的强大，给什么都能折叠的日本精神跪了。确实是这样，日本人不是都很喜欢折叠手机么？,162,11,27,3361
59722452,34096952,日本纪实节目「沉迷于牛郎的女人的收入明细（1/4）」。日本牛郎到底有多赚钱？带你直击日本牛郎店的实态！,1059,162,2648,301746
59725816,34098417,日本纪实节目「沉迷于牛郎的女人的收入明细（2/4）」。为牛郎一掷千金是一种怎样的体验？富婆vs富婆的NO.1争夺战！,428,51,645,116202
59726456,34099041,日本纪实节目「沉迷于牛郎的女人的收入明细（3/4）」。一掷千金的钱从何而来？金主“爸爸”到底是谁？别人沙漏漏沙子，我家的沙漏漏钻石！,244,32,268,72873
62074982,35410547,【181106月曜日常撕逼大战】温水洗PP马桶，你洗还是不洗？家人共用毛巾，你行还是不行？,260,26,52,7731
62118292,35361930,【Missing Beauty】日本西装大叔World Order带你游玩中国台湾！,481,117,251,10705
62093817,35421270,【神谷惠里奈】日本性感妹纸玩斋藤app，邀你一起看OO,702,143,348,31761
62408992,35591277,【yabatan】秋天的挪威小哥在森林里BBQ,69,6,9,1436
62404198,35591169,揭秘日本最大的娱乐街，为歌舞伎町里的牛郎陪酒女们服务的各种达人们！,320,39,153,13852
62631195,35704574,【纪录片】日本泡沫经济崩溃后，流落新宿街头的流浪汉的悲惨生活,662,130,1118,70115
62953529,35871934,【纪录片】居住在日本贫民窟横滨寿地区，领着最低生活保障费的贫民们的艰难翻身路,1113,249,2155,212090
62984311,35886711,月曜夜未央20181113,198,15,69,8790
63002876,35897189,【中字20181113月曜夜未央】调查来南国冲绳的人们内心的苦闷之事cut,220,21,56,5187
63026385,35910278,【中字20181113月曜夜未央】不为人所关注的新闻cut：群马县的激八馆，有了强有力的竞争对手,247,19,62,8500
63075070,35937753,【神谷惠里奈】真·撕逼大战。四大美女身体柔软度大调查！劈叉能开多少度？,533,101,255,18319
63090971,35945011,【纪录片】日本老年人的悲惨现状。人口老龄化加剧、退休金不足导致老年人贫困。愿中国不会有这种事情发生,324,63,764,51134
63110961,35956279,【纪录片】泡沫经济时代风光无限的团块世代的悲惨的老年生活。愿中国永远不要有这一天,330,39,361,17346
63291681,36052444,【神谷惠里奈】日本大凶美女说性感双关语，胸大有脑哦,515,84,175,15139
60675960,34633297,【哲♂学大赛】日本大学生健美大赛上的吐槽大会。岛国人民各个是段子手啊,291,14,47,9500
60689671,34642340,见家长时，如果你的女友家是黑涩会，你选择逃跑还是留下？我选择先跪了再说。。。,206,30,90,16006
60490742,34529064,【神谷惠里奈】突然袭击女浴室…,549,84,224,33784
60491513,34529724,【神谷惠里奈】和美女们在温泉里玩游戏，出现了各种状况,670,124,321,31537
60497472,34532855,【神谷惠里奈】亲身验证哪种衣服最显胸？,846,245,307,36546
60672501,34631225,我把你当好朋友，你却想当我爸爸？？？贵国真乱。。。,488,52,204,35085
60673082,34632414,丈夫去世之后，一个人忍受着孤独的85岁日本老奶奶。看到最后哭了，奶奶你要长寿呀,1792,855,1107,100090
61114761,34886784,【神谷惠里奈】穿泳装跳竹马大教学！,762,156,314,26025
61401838,35046380,【前篇】挪威小哥的2018年涩谷万圣节,78,1,10,1686
61402153,35046455,【后篇】挪威小哥的2018年涩谷万圣节,256,12,20,3642
61404792,35047964,分享一首BLV的好歌给大家看，绅士们的你一定喜欢,429,107,173,10322
61957022,35346283,【まあたそ】日本逗比美妆达人挑战听声化妆，结果惨不忍睹…,534,74,417,27836
61977816,35357540,【まあたそ】日本逗比美妆达人挑战5分钟卸大便妆，居然史无前例地成功了！,405,37,165,17083
62063260,35404278,月曜夜未央20181105,201,13,43,9582
63333063,36074954,【神谷惠里奈】日本美女穿水手服玩健身球，结果发生了不可描述的大事故！,530,99,138,15650
63756022,36315621,日本快嘴声优小姐姐吐槽天天炫耀减肥的绿茶婊们，简直烦skr！,835,127,499,26803
64612280,36793278,まあたそ翻跳惑星ループ,281,23,63,5906
63963422,36431523,日本快嘴声优小姐姐吐槽：老娘我就是不想坐过山车啊！,517,54,233,15919
64746169,36863928,【月曜夜未央181126】调查手账的内容/一个汉字总结今年的自己,176,15,85,10412
64772952,36878174,【中字・月曜夜未央181126】消亡的大阪关西方言cut,303,79,247,22960
63964450,36431805,日本声优小姐姐快嘴吐槽花式秀名牌的绿茶婊，不装会死吗？,1231,132,983,63399
64977751,36981725,秀得飞起。。。这到底是怎么做到的？成精的纸飞机？？？,442,139,161,5452
64660740,36818309,日本快嘴声优小姐姐实力演绎迪士尼乐园中，新人菜鸟和老司机的差距,583,61,315,18837
63206937,36011713,【纪录片】沉迷于网络游戏的「网游废人」，你可曾也为一款网游而疯狂过？,420,64,516,37005
65068355,37037186,【神谷惠里奈】我有一招成为乳神的秘诀，你想知道吗？,541,115,209,23071
64617049,36797201,Facebook创始人，中国女婿天才马克扎克伯格的成长史，天才是怎样练成的？,199,3,59,7793
65239585,37124505,【不可思议世界：王牌牛郎的逆转人生】曾经年收入过亿的头牌牛郎城咲仁退休后沦落成中华料理店、西班牙餐厅打工仔？,343,31,166,13082
65274476,37144551,【年薪过亿是一种怎样的体验？1/2】日本牛郎史上最会撩，年薪过亿的王牌牛郎城咲仁的传奇人生,80,12,54,6020
60667592,34628510,【saltbae】土耳其撒盐哥和撒盐弟们的万圣节。看得我也好想吃牛排！,222,9,19,4888
60487023,34528272,【神谷惠丽奈】浴池里的这群比基尼美女你pick哪个？打几分？,840,170,521,42629
65274584,37144505,【年薪过亿是一种怎样的体验？2/2】日本牛郎史上最会撩，年薪过亿的王牌牛郎城咲仁的传奇人生,235,37,47,5746
65401620,37214856,哈哈哈哈哈哈哈哈哈哈哈哈！公开处刑！没有比这更尴尬的了,283,12,27,10162
65086101,37039861,【神谷惠里奈】妈妈说，天天洗澡也要节约用水,419,132,145,16741
63177409,35991294,【祝你今天玩得开心】日本西装大叔WORLD ORDER带你逛宅男圣地秋叶原,308,52,92,3971
63334909,36076285,【纪录片】居住在贫民窟，横滨寿地区的日本老人们的悲惨生活,332,48,197,13294
63179251,35992288,【Welcome to Tokyo】日本西装大叔world order带你领略东京的魅力，欢迎大家来东京！,307,77,131,7274
63178789,35991531,【Have a nice day】日本西装大叔WORLD ORDER带你逛时尚之地涩谷,229,31,89,3748
63874113,36381820,【月曜夜未央181119】调查参加万圣节的人/广岛个人新闻,207,12,67,12520
63890954,36388580,【中字・月曜夜未央181119】调查参加涩谷万圣节的奇人异事cut,348,39,200,22092
63732411,36304414,想去日本当牛郎的各位绅士必看！为了留学梦想而献身牛郎事业的20岁骚年。新宿歌舞伎町的理想与现实,314,73,113,10313
63332619,36074796,【神谷惠里奈】日本美女在屁股上玩桌布快拉，简直是玩火啊233333,620,189,176,14379
64118517,36514602,这可能是世界上最牛逼的屌丝逆袭。从地狱到天堂，从流浪汉到哈佛大学，8岁小女孩的不可思议的人生大逆转！,283,77,141,7164
63230355,36022036,【神谷惠里奈】女生必看！日本大凶美女教你如何画出傲人的事业线！,510,78,134,16911
63179725,35991937,【INFORMAL EMPIRE】日本西装大叔world order带你游玩英国伦敦！,140,15,38,2203
63190639,35992407,【last dance】日本西装大叔world dance批评讽刺日本政府能源政策之舞,773,213,616,33924
62967468,35886565,【神谷惠里奈】日本大凶美女与AU女星一起泡史莱姆澡，发生了不可描述的事情…,436,185,263,15743
65439329,37234781,美国沙雕少年生动演绎学生时代赶作业的你，哈哈哈哈哈哈！过于真实，引起强烈不适,428,45,104,5576
65385167,37207644,贺来贤人和饭丰万理江出演的最新Line Pay逗比风广告，从功能上看，日本的移动支付至少落后中国2年,267,6,27,6564
65475677,37255914,【大松绘美】为什么我11月份几乎都不更新视频？,447,38,115,14842
65086722,37040491,【纳豆・日本之形】沙雕日本人教你如何正确吃国民美食纳豆,300,28,87,7093
65402141,37215065,日本网友发推特表示在路上遇到了劫匪，摩托车被抢走了。该怎么办？在线等，很急！,326,11,37,10408
65729260,37395648,【月曜夜未央181203】音乐结小姐姐的近况报告…那个恋爱的走向＆TOEIC考试成绩,59,6,40,6531
65732448,37397606,【中字・月曜夜未央181203】日本人爆笑英语能把外教老师逼疯，差点就给你们跪了，哈哈哈哈哈哈哈！cut,259,77,168,16262
65790636,37421070,【中字・直到世界的尽头181202】中国河南嵩山少林寺日本女艺人三日体验游，波澜壮阔的表演令日本人直呼牛逼！,542,207,725,70836
65687803,37373212,【神谷惠里奈】在美女熟睡时乘人之危是一种怎样的体验？,515,170,133,14705
66076590,37588438,哈哈哈哈哈哈哈哈！这踏马的是什么沙雕乙女游戏？而我居然有点想玩…,464,40,308,11845
65996563,37530244,【中字・直到世界的尽头120527】日本明星手越祐也挑战中国传统茶艺「长嘴壶沏茶」in四川雅安,291,50,218,24560
65091772,37043318,美女妹子给敏感妹子马杀鸡，结果发出了令人愉悦的声音,605,116,276,15973
65966022,37527452,中华料理？还是中国料理？哪个才是正宗的美食？,721,101,818,103069
66087630,37594767,【神谷惠里奈】和2位美女一起玩令人羞耻的LOVE骰子,424,108,151,11321
66625484,37899628,大阪登美丘高中舞蹈部的最新作品，女高中生试跳西川教主的骚男舞「HOT LIMIT」,341,62,123,7575
66676222,37927779,【中字・月曜夜未央181210】询问老年人关于今年的日本流行事件大调查cut,233,43,114,9307
66695180,37939181,【中字・月曜夜未央181210】东京葛饰区龟有的24小时个人新闻cut,220,40,105,10797
66766377,37979765,日本灵魂贝斯手用柠檬弹奏的米津玄师的Lemon，我已经给跪了，各位随意,977,368,703,16985
66530308,37846895,【大松绘美】声优小姐姐快嘴大吐槽「为什么性格好的人和我无法友好相处？」没错！和沙雕朋友一起做沙雕事才是生活的乐趣！,830,116,703,33709
66920654,38068956,前方高能！美国戏精小哥在车内沙雕对嘴激情假唱流行歌曲。狰狞的表情，浮夸的演技，淡定的老妈。从音乐响起的那一刻，我就知道我出不去了！,552,235,320,8027
66575487,37872551,日本大OO美女神谷惠里奈教你如何快速脱衣服！绅士的你学会了吗？,828,288,399,29251
67040901,38138695,哈哈哈哈哈！用冲绳方言上英语课是一种怎样的体验？日本人自己都惊呆了，仿佛是在学全新的外国语言！,442,166,372,15953
67203556,38243778,【劳资就是不想起床啊】这是一首节奏优美画风鬼畜情节真实的岛国冬日魔性洗脑神曲，给我一床被子，我可以舍弃整个世界！,4543,3199,5659,69565
67421026,38356363,【日本留学生必看！】日本小哥快嘴爆笑吐槽母校横滨国立大学。你以为它在海边？它其实在山上！你以为这里有海鸥？这里只有乌鸦！报考之前要三思啊！,411,112,213,13027
67438901,38366886,【まあたそ】刚做完牙齿矫正的日本逗比美妆达人挑战无镜化妆。哈哈哈哈哈哈！老妈坑女儿系列又来了！,646,186,420,32894
67566727,38437273,哈哈哈哈哈哈！中二十足脑洞大开异常沙雕的日本芬达汽水广告，还有李小龙是什么鬼啊？我笑得头都快掉了,547,195,313,13952
67590573,38452751,日本电影史上最沙雕的大型自黑、地域撕逼电影「飞翔吧！琦玉」，琦玉、群马、千叶、东京，谁才是地图炮之王？2019年2月22日日本全国上映！,389,77,155,23391
67630786,38486676,【ASMR】日本网友的亲身经历告诉你，直播耳骚时，被老妈抓个现行，且暂停失败是怎样一种体验？,546,152,568,31587
67718239,38525617,【前方高能！圣诞快乐！】美国戏精小哥再次上演车内激情对嘴假唱。脍炙人口的圣诞歌，每一秒都是笑点，每一帧都是表情包。可以说是承包了我整个圣诞节的笑点了,441,139,169,23085
67858089,38601774,日本性感美音小哥ジェル耳骚直播被抓现行的后续——妈妈！求你别再进来了！我已经笑翻了，快点跟我一起点开视频，收获腹肌【ASMR】,635,188,660,31746
68088126,38651178,日本声优小姐姐快嘴吐槽少女漫画的沙雕狗血剧情。哈哈哈哈哈哈哈哈！可是我们就是喜欢看狗血剧情呀！【大松绘美】,5529,2562,6776,152825
67968148,38664069,【神谷惠里奈】日本大美女挑战凶器压气球，到底哪个更厉害？结果万万没想到……,638,253,179,16772
68529885,38993455,【中字・月曜夜未央20181224】圣诞前夜…2018年全明星特辑！爆笑个人新闻篇cut,221,41,55,4754
68561518,39011920,【中字・月曜夜未央20181224】圣诞前夜…2018年全明星特辑！完整版！,362,182,331,17573
68394072,38913420,【中字・直到世界的尽头160320上篇】imoto的世界之旅，世界遗产巡游，万里长城、天坛、故宫，春节in中国北京,273,38,245,35464
68394546,38914044,【中字・直到世界的尽头160320下篇】imoto的中国之旅in台湾，春节元宵节在台湾参加民俗活动盐水蜂炮，体验万炮齐发的炸裂感！,247,33,204,31372
68751803,39120948,日本沙雕广告《女高中生的Line常有的事儿》，画面异常真实，引起强烈不适。这碗带着恋爱酸臭，却又透着浓浓中二味道的狗粮，我先干为敬了！,630,202,459,15320
68782430,39140225,日本逗比美妆达人まあたそ的唠嗑时光，一边教你如何快速卷发。一边吐槽曾因为化妆的缘故，被上海海关拒绝入境是一种怎样的体验？,700,131,643,45541
68883522,39195794,【ASMR】日本性感美音小哥ジェル配音的爆笑沙雕少女游戏 part 2,216,43,248,6469
68884210,39196053,哈哈哈哈哈哈哈哈哈！岛国性感美音小哥ジェル的爆笑沙雕少女游戏 Part3。FBI警告，切勿在吃饭喝水时间观看！【ASMR】,381,88,275,7881
68884840,39196864,性感美音小哥ジェル耳骚直播中被老妈乱入后，这次是女声直播中被老爸乱入。小哥咱真的还是退役吧！【ASMR】,336,47,171,9120
67942022,38648849,日本女子爱豆组合PASSPO☆的「PlayGround」,222,5,28,3846
69034788,39284554,【ASMR】日本性感美音小哥ジェル试唱威风堂堂。我完事了，你们呢？,370,47,192,6376
69170605,39352243,超豪華！！ 最初で最後の大同窓会！8時だJ（181229）,236,27,83,3607
69412788,39506640,【日本整人大赏冬季篇181230】うわっ！ダマされた大賞 深夜の名作選。今年は…マツコ・デラックスに超ド級ワナ！,335,62,484,26640
69560345,39595614,沉迷于牛郎的女人的收入明细。日本名牌女大学生母爱泛滥，竟为牛郎认干爹，一掷千金！,402,37,118,12607
69794993,39729419,街头采访日本女生们，你希望男朋友是哪个大学的？被最后的高中生妹子圈粉了，人美心美的典范了,703,136,1103,108092
69923547,39805650,日本性感美音小哥ジェル的仿音F1大赛。民间声优也是怪物呀,397,145,167,4888
69780064,39720636,哈哈哈哈哈哈哈哈哈哈哈哈哈哈！记住，如果有什么东西想硬塞给别人的时候，最好的时机就是——在他打电话的时候！,379,47,114,8838
70153746,39940387,【中字・日本整人大赏冬季篇181230（1/2）】うわっ！ダマされた大賞 深夜の名作選。,696,366,1393,42523
69911380,39802547,【横滨国立大学】日本快嘴小哥的孤单大学生活。孤单不可怕，可怕的是你跟着别人随波逐流,424,132,180,7497
70454230,40115451,【中字・日本整人大赏冬季篇181230（2/2）】うわっ！ダマされた大賞 深夜の名作選。,844,624,1721,66798
70602719,40201372,日本性感美音小哥ジェル的沙雕辣鸡少女游戏 part 4再度来袭！每一句对话都是措手不及的沙雕[笑cry][笑cry][笑cry],352,81,140,5639
70604724,40201425,日本性感美音小哥ジェル的史上最沙雕的毕业典礼。可以说是无比硬核了,312,50,107,5417
70773329,40296676,主银太坏了，仓鼠君想吃个零食也太不容易了吧,435,48,117,5716
70642127,40224008,日本国民女神石原里美的素颜西班牙之旅。可爱23连发！我的心已经彻底沦陷了,476,94,154,10554
67850912,38590154,【中字・直到世界的尽头170528】日本搞笑女艺人imoto来中国挑战杂技后空翻，结果难到哭出来。in河北吴桥,288,70,280,24669
67740040,38546893,【9分钟了解日本历史！】外国油管大神制作的，一本正经的沙雕日本历史科普视频。看完居然有种回味无穷的舒爽感是怎么回事？,3117,1901,5575,101417
67808007,38589052,日本性感美音小哥ジェル试唱「虎视眈眈」，好了，睡前听一百遍，真的我就听一百遍~大家晚安！,512,126,566,8457
67807285,38573528,日本性感美音小哥ジェル试唱八爷的「lemon」，别有一番风味~各位晚安~,343,55,222,6142
68939103,39229096,日本电视台介绍中国的传统节日——春节in北京（补充【中字・直到世界的尽头160320上篇】开头缺失部分）,381,36,341,62017
70802607,40314257,【冷知识之泉】中国的顶级厨师评选「日本最美味的杯面」。你最喜欢哪一款？,343,36,154,23481
71299537,40609631,千年等一回！名侦探柯南中，新一和小兰的吻戏片段。那一声响彻天际的啾，甜得发齁。,360,39,159,12812
71619348,40777481,【月曜夜未央20190114 】新春陈独秀们的隐藏技能大公开／手机搜索历史调查,226,23,91,16453
71633663,40785432,【中字・月曜夜未央20190114】日本沙雕综艺19年首播第一弹就放大招。岛国陈独秀们的隐藏技能大公开！给跪了，11区人民真是多才多艺啊！cut,398,129,328,18982
71660723,40801302,【中字・月曜夜未央20190114 】日本人的手机搜索历史记录里都藏着些什么秘密？沙雕天天有，这期特别多。,344,73,171,16517
71718246,40832451,日本钢琴大师触手猴弹奏米津玄师的Loser,487,66,246,14628
71911537,40939954,11区人民教你如何真诚地道歉。学会了这个道歉技能，犯了天大的事，都会被原谅的,703,140,321,9695
72212985,41112303,日本网友用萨克斯演奏「名侦探柯南×米津玄师的Lemon」，没想到居然是一首洗脑神曲！【付歌词版】,1592,642,1923,27558
72316970,41173753,日本网友あたりめ用计5台计算器演奏米津玄师的Lemon，这都是什么鬼才啊？,23554,11547,14470,463728
72432293,41239014,洗脑神曲大集合！论米津玄师的Lemon究竟有多少种唱法？！坐垫、柯南、计算器、柠檬、惨叫鸡版Lemon，每一首都是洗脑神曲，每个人都是音乐鬼才！,7392,3082,8184,158845
72522081,41292528,まあたそ×☆イニ☆，试跳「惑星ループ」,347,32,85,7780
72540876,41302102,用黑社会语气配音萌萌哒的血小板是一种怎么样的沙雕风格？,633,91,214,11164
72573412,41320126,日本小姐姐春茶翻唱米津玄师的Lemon。简直天籁之音！,1735,719,1751,31148
72682788,41383381,【机动战士高达】日本网友GeeTee制作的MSN-04 沙扎比组装视频，看完一本满足，毛孔舒畅,374,66,116,4709
72676451,41381908,【中字・月曜夜未央20190121】新宿个人新闻cut。话说美国人在日本点珍珠奶茶外卖？画面感好强2333333,226,26,92,10542
72691804,41389565,日本美女手把手教你腹肌减肥锻炼法。只需要5秒钟，就能达到通常锻炼效果的五倍！简单且实用，收藏了就是练了,402,39,524,7803
72706235,41397782,【中字・月曜夜未央20190121】采访调查冲绳独特的林林总总奇葩事cut。婚礼仪式过于隆重；冲绳人肥胖和蛀牙问题；独特文化「模合」；冲绳人敲爱KFC,359,43,147,17478
72718334,41404130,这种神仙蛋糕哪里有卖！！！？,488,22,85,8766
72549671,41307049,日本小哥神模仿东京地铁日比谷线行驶的各种声音。又拿原声录音来骗我吗？,522,79,333,12437
73026946,41585302,有些男生就是这样，你以为他不会跳舞，结果跳起来骚的一比,1360,120,1202,117349
73074897,41613381,日本网友模仿各位大牌人物和声唱米津玄师的Lemon,2448,629,2401,65333
73178412,41674938,柴柴：大···大···大哥···咱有话好好说···,157,9,33,2450
73177202,41673770,日本声优小姐姐快嘴吐槽动漫宅的种种令人受不鸟的奇葩行为【大松绘美】,2950,608,2019,80994
73180765,41675497,当一只南方的马遇到了北方的雪，开心疯了！,450,16,108,10828
73236920,41709391,用四台计算器演奏米津玄师的Peace Sign,319,39,58,3975
73235775,41708726,用五台计算器演奏鲁班三世的主题曲,360,48,40,5696
73190744,41681245,那些年，你一定遇见过的那些事儿,381,30,38,5356
70927921,40389389,美国表情帝Moretoki沙雕对嘴假唱清洁盗贼的Rather Be,336,80,90,4787
70870662,40353548,日本性感美音小哥ジェル试唱みきとP的《ロキ》。顺便说一下，这里面的所有不同声音都是ジェル一个人唱的,386,131,321,5523
73186141,41679195,日本声优小姐姐吐槽那些令人恶心的崇洋媚外女。不过是2个星期的短期留学而已，就这么崇洋媚外你们至于吗？,796,86,292,28632
73650168,41947394,【15周年夏威夷公演泪奔】请大家不要搞错了，大野智是如此深爱着岚团,590,125,636,19734
73621292,41931819,日本逗比美妆达人まあたそ开演唱会？！一群美女爱豆中，混入了一个丑女，会被人发现吗？,437,36,91,8554
73788778,42029547,【中字・月曜夜未央20190128】2018年个人重大新闻调查cut。那个正经洗浴大叔你也是够了，233333,317,33,102,13676
73809293,42043434,【中字・月曜夜未央20190128】回应观众调查请求篇cut。哈哈哈哈哈哈哈哈哈哈！鸭鸭，千万不要长得太好吃呀！,468,76,284,18226
73859434,42071870,突然想起了13年3月的交岚片段，《从岚团毕业》。曾经的玩笑，没想到变成了现实,473,53,503,19291
74001747,42155925,日本papi酱总结，「当爱豆发表停止活动的声明后，粉丝们会有哪些反应？」没错！我就是冷静请年假的那个。你是哪一种？【大松绘美】,2033,362,1617,106723
74135204,42233591,日本性感美音小哥ジェル的推特20万粉纪念！试唱初音未来的チェリーハント！（MV是原创的）,409,39,157,4793
74187143,42264141,性感美音小哥ジェル告诉你，直播结束后忘了关麦，是一种怎样的杯具体验？啊~真香~,570,54,253,8529
74253472,42307202,日本性感美音小哥ジェル用各种角色的声音试唱Da Pump的《U.S.A.》，HATA王子的沙雕副歌部分简直笑得我头都掉了,369,38,95,3745
74289437,42326393,中国甘肃，路边惊现两只打架的土拨鼠。啊啊啊啊啊啊啊啊啊啊啊啊啊！,522,34,133,9975
74284692,42347510,日本快嘴小姐姐的重要通知！3月9日新宿开见面会！喜欢大松绘美的各位，有时间的话可以前去支持，3000日元不算贵哦！,326,20,48,8061
74363029,42371796,今晚的music station上的压轴曲，岚团的「感谢感激雨岚」，看哭了！,280,16,38,6621
74257638,42307465,鬼畜日语的挪威戏精小哥带你去吃史上最好吃的炸虾。物美价廉真好吃，缺点就是有点硬。,458,11,36,6731
74626110,42543914,深夜不能看的，过于美味的日本美食的CM合辑，看完口水流满地,532,47,326,11919
74665916,42554731,TV动漫「进击的巨人」第三季part2 PV,440,26,29,6297
74731606,42603453,日本沙雕广告银之盘寿司系列1：调查实验篇。100个爱吃寿司的人中，有多少人会选择银座高级寿司？或者是外卖寿司？实验结果有理有据，可以说是非常令人信服了！,376,36,114,8081
74889337,42694333,日本沙雕广告银之盘寿司系列2：会议篇。顶级广告公司是如何制作出一款让观众印象深刻，过目不忘，看了还想再看的商品广告？,385,18,60,6687
74903684,42703783,【190204月曜夜未央】全国正月活动调查/一口气剥香蕉皮的方法,294,17,68,9114
74928770,42719678,【中字・月曜夜未央190204】介绍沙雕实用新技能cut。美女妹子在大街上当众剥香♂蕉，并且说伦家还要。。。哈哈哈哈哈哈哈哈！,394,58,196,13009
74948402,42731800,【中字・月曜夜未央190204】月曜例行企划，打听街上行人的个人新闻。不嫁高桥一生的大妈和喜欢ARASHI家的村上信五的小朋友笑死我了,420,34,181,24635
75024569,42777215,用五台计算器演奏「残酷天使的行动纲领」,712,189,220,7430
75030351,42781028,日本拉面店店长填词翻唱高桥洋子的「残酷天使的行动纲领」。网瘾骚年，别再氪金啦！毕竟你我都是非洲人,545,150,269,4579
75031395,42775301,【中字・月曜夜未央190204】细数日本过年正月里举行的各种奇葩活动。那个光顾着赚钱的大妈笑死我了。答应我一定要看到最后！,370,33,115,10961
75060827,42799599,桥本环奈表演双关语冷笑话，简直可爱得我想打110报警了！,556,51,201,14897
75051331,42793353,日本沙雕广告银之盘寿司系列3：Slice of Life篇。恋人＋监狱+分离。无论切哪里都很好吃，无论切哪里都笑死我了。哈哈哈哈哈哈哈哈！,357,25,68,6544
75192657,42878752,【中字・我们的GAYA艺人打扰了！20190205】“成龙”大哥教桥本环奈小天使武打动作！cut,271,5,28,5206
75048494,42793006,爱豆公布演唱会后，粉丝们的喜怒哀乐大循环！是非洲追星党的本人，没错了！,917,87,403,20384
75260805,42919703,日本网友用怪兽能量饮料瓶演奏初音未来的甩葱歌。音乐一响起，我就开始跟着抖腿了。不就是要膝盖吗？拿去就是了,423,29,49,6855
73183897,41678198,日本快嘴小姐姐吐槽自爆黑历史——初中的我，居然这么文艺？！太羞耻了，简直是公开处刑了！不过，谁还没有过沙雕的青春岁月嘛,1314,150,637,37828
67902309,38627123,mini厨房，大蒜炒肉，配上一碗米饭，真香！,494,377,50,8203
68033297,38701622,迷你厨房，试做美食作家王刚“蛋炒饭”，真的太好吃了,497,362,88,18468
68327782,38875564,迷你厨房，香橙果冻，超低成本下午茶小甜品,505,184,135,24361
68425777,38932142,迷你厨房，西红柿炒蛋盖浇面，但是一口就吃掉了,277,122,28,7006
68583035,39024354,迷你厨房，试做美食作家王刚“青椒肉丝”，味道美极了,260,124,42,9258
68710069,39096509,迷你厨房，蒸蛋原来如此简单，口感细腻嫩滑,2139,674,784,72502
68835671,39167344,迷你厨房，双皮奶一次成功，就是鹌鹑蛋废了7个,746,307,170,27274
69292601,39436153,迷你厨房，可乐鸡腿，一口一个,745,251,193,47423
69445651,39529644,迷你厨房，第一次做冰糖葫芦,615,178,172,44858
69666880,39659064,迷你厨房，第一次做酸菜鱼，酸菜放多了，酸菜里面找鱼,1810,591,464,150294
69869429,39773409,迷你厨房，红糖年糕，软糯香甜，一学就会，超级简单,315,140,57,11185
69963139,39828129,迷你厨房，青椒炒鸭胗,476,237,53,16297
70071569,39892103,迷你厨房，糖醋里脊，宽油警告！,1011,460,238,37442
70171656,39950791,迷你厨房，辣椒炒香肠，下饭神器！,413,183,50,17059
70328570,40043339,迷你厨房，油焖大虾，一次成功,1656,779,216,52134
70509806,40147343,迷你厨房，今天做红烧鸡爪，你们点菜吧,629,294,53,18808
70616195,40208402,迷你厨房，在家也能做棒棒糖,535,130,63,23375
70789809,40306009,迷你厨房，流心蛋包饭，这是一个成功了95%真的流心的蛋包饭,1307,619,325,61739
70921279,40379950,迷你厨房，西红柿炖牛腩，剩下的汤汁拌饭真的好吃,948,575,162,22865
71062281,40460154,迷你厨房，拔丝香蕉，我不会告诉你们我又失败了！,741,293,85,27727
71241860,40563395,迷你厨房，试做美食作家王刚“宫保鸡丁”，味道一级棒、回味无穷！,641,223,68,17434
71334093,40616971,迷你厨房，试做美食作家王刚“锅包肉”，我离成功真的只差土豆淀粉,468,169,37,12148
43025363,25335125,邓亚萍：因为我个子矮，所以每个球对我来说都是高球，都是机会球,26,21,33,6317
43791374,25672188,贾大成：每过1分钟中国就有1人猝死，这套急救方法希望所有人学会,76,56,80,1955
44090638,25809256,肖全：他去10个城市给4000个普通人拍过照，每个人都是他一生最好的照片,22,6,77,2331
14976812,9065735,火车老司机（最后一站）- 听说我发财了-,18,29,6,3897
15006523,9083848,火车老司机 最后一站 EP4 事件原因渐渐浮出水面。,20,32,6,3641
15048843,9110178,火车老司机 最后一站 EP5 旅途的尽头,19,25,8,3604
15091403,9135467,火车老司机最后一站 EP6 终章,26,56,13,8264
15180888,9188068,来自众神的爱，请蹂躏我吧！    阿嚏琉斯：欧米茄  EP1,38,79,24,25702
15326933,9251495,来自众神的爱 Okhlos EP2,23,22,11,10192
15391950,9314277,3分钟看完《作死合集》第一集,493,337,349,230290
15426271,9331376,3分钟看完《作死合集》第二集,555,563,294,206604
15454471,9350253,UP主的救赎,145,804,69,20291
15496403,9377371,3分钟看完《作死合集》EP3,551,696,208,162582
15568840,9421174,《来自小黑屋的UP主》献给不远万里从小黑屋来支持我的童鞋们！,76,380,26,11410
15631560,9458974,3分钟看完《作死合集》第四集,461,795,224,167006
15666513,9478121,3分钟看完《作死合集》第五集,390,606,179,137480
15700902,9497953,3分钟看完《作死合集》第六集,454,907,171,140359
15736970,9518827,5分钟看美剧《美国恐怖故事》第二季 第一集,861,997,745,390588
14916374,9031639,火车老司机 (最后一站）1p,116,106,26,47582
14949414,9050166,火车老司机 (最后一站）2p,28,27,8,4182
16399653,9919820,【长工】5分钟看美剧《美国恐怖故事》第二季 特别节目,188,502,136,107510
16431039,9939385,【长工】5分钟看美剧《美国恐怖故事》第三季 女巫集会 第二集 ,633,1918,489,274111
16539299,9980548,【长工】5分钟看美剧《美国恐怖故事》第三季 女巫集会 第三集 修正版,623,3928,272,250258
16561856,10020207,【长工】5分钟看美剧《美国恐怖故事》女巫集会 第三季 第四集,577,3002,238,222373
16621336,10057606,（伪装者） 我是B站正义的黑粉！  《黑粉的崛起》,42,121,67,24474
16657195,10079901,【长工】5分钟看美剧《美国恐怖故事》第三季 第五集,617,1822,435,271429
16717570,10117401,【长工】5分钟看美剧《美国恐怖故事》女巫集会 第三季 第六集,615,2542,473,282485
16758333,10142597,【长工】5分钟看美剧《行尸走肉》第一季（上）,694,1808,762,226673
16791385,10164003,【长工】5分钟看美剧《美国恐怖故事》女巫集会  第七集,568,2363,467,270358
16830509,10187683,【长工】5分钟看美剧《美国恐怖故事》女巫集会  第八集,451,1290,323,252366
16924614,10244400,【长工】5分钟看美剧《行尸走肉》第一季（下）,491,1528,400,192854
17021820,10303027,《作死合集》 第九集,440,594,368,219348
17005559,10293514,【长工】5分钟看美剧《美国恐怖故事》女巫集会 第三季 第九集,426,906,258,232087
17046518,10318138,【长工】5分钟看美剧《美国恐怖故事》女巫集会 第三季 第十集,478,1296,627,323793
17171621,10397447,【长工】5分钟看美剧《美国恐怖故事》女巫集会 大结局（11.12.13）,651,1919,564,303493
17242391,10441404,【长工】5分钟看美剧《美国恐怖故事》旅馆 第一集（第五季）改,786,1683,621,337629
17302332,10477476,【长工】5分钟看美剧《美国恐怖故事》旅馆 第二集（第五季）,563,1479,330,288459
15772311,9541672,5分钟看美剧 《美国恐怖故事》第二季 第二集,925,2182,972,389065
15812191,9565941,5分钟看美剧 《美国恐怖故事》第二季 第三集,1367,1636,1152,514737
15858375,9594755,5分钟看美剧 《美国恐怖故事》第二季 第四集,1272,3866,1183,484011
15893954,9616696,5分钟看美剧 《美国恐怖故事》第二季 第五集,817,1904,608,358639
15960905,9657664,5分钟看美剧 《美国恐怖故事》第二季 第六集,1441,6827,598,385705
15962368,9658650,3分钟看《作死合集》第七集,548,902,229,185388
16005136,9684329,5分钟看美剧《美国恐怖故事》第二季 第七集,1304,6630,476,326036
16049835,9711000,5分钟看美剧《美国恐怖故事》第二季 第八集,1046,4035,394,319395
16127496,9756708,5分钟看美剧《美国恐怖故事》第二季 第九集,979,3033,470,329617
16173542,9781519,5分钟看美剧 《美国恐怖故事》第二季 第十集 修改版,1118,3752,536,331016
16205378,9802220,3分钟看《作死合集》第八集,531,996,221,161138
16347673,9888160,【长工】5分钟看美剧《美国恐怖故事》第二季 大结局,1188,3693,770,403203
16398562,9919179,【长工】5分钟看美剧《美国恐怖故事》第三季 女巫集会 第一集,1173,9605,779,309243
18310423,11063765,【长工】美剧5分钟《美国恐怖故事》第六季 第二集,454,1474,227,199850
18361527,11094922,【长工】很多分钟看《行尸走肉》第三季 （中）,329,969,323,161076
18453745,11153804,【长工】几分钟看《权力的游戏》第一集+,444,2367,545,146153
18533858,11204282,长工偷懒的证据 _(:3 」∠)_    要狗带了！,56,1213,23,38367
18778616,11356091,【长工】美剧5分钟《美国恐怖故事》第六季 第三、四集,614,1955,277,232928
18820607,11382482,【长工】很多分钟看《行尸走肉》第三季 （下）,452,1758,388,185488
18916906,11442254,【长工】美剧5分钟《美国恐怖故事》第六季 第五、六、七集,468,1681,551,258065
18998387,11491226,【长工】美剧5分钟《美国恐怖故事》第六季（大结局）第八、九、十集,460,1780,323,250111
19040701,11518493,【长工】默默的吃掉你的邻居《小镇滋味》（上）,473,1146,1108,344592
19219860,11631680,【长工】5分钟看《小镇滋味》默默的吃掉你的邻居（下）,379,946,877,323928
19060126,11527733,一个UP主，被粉丝们感动的不要不要的！！我爱你们！谢谢你们为我制作的视频！,86,1135,56,37415
19299279,11682576,【长工】几分钟看《行尸走肉》第四季-上,439,1887,425,198417
19356140,11716963,【长工】几分钟看《作死合集》 第12集,636,1215,359,215425
19486024,11800466,【长工】几分钟看《权力的游戏》第3-5集,371,2375,770,252902
19633412,11891638,【长工】几分钟看《行尸走肉》第四季 -中,412,1536,343,170299
20082893,12113125,【长工】几分钟看《霜花店》让自己男人爱上自己的女人 修正版,220,548,469,212898
20080103,12177057,【长工】几分钟看《行尸走肉》第四季 -下,388,1170,364,181618
20215342,12268377,【长工】几分钟看《权力的游戏》第一季大结局 9-10集.,342,2705,224,108739
17717486,10738943,【长工】5分钟看美剧《美国恐怖故事》旅馆 第七集,470,1341,220,-1
17754353,10761183,【长工】5分钟看美剧《美国恐怖故事》旅馆 第八集,498,1426,268,226733
17794386,10784669,【长工】5分钟看美剧《美国恐怖故事》旅馆 第九、十集,869,1721,574,390170
17829029,10805870,【长工】几分钟看《作死合集》 第十集,437,562,265,198123
17936332,10851129,【长工】5分钟看美剧《美国恐怖故事》旅馆 （大结局） 第十一、十二集 B站版,595,1769,464,287475
18092732,10929295,【长工】很多分钟看《行尸走肉》第三季 （上）B站版,436,1363,334,186152
18178999,10983241,《作死合集》 第十一集,559,845,286,203910
18251647,11028053,【长工】美剧5分钟《美国恐怖故事》第六季 第一集,652,2130,392,269063
17369918,10519185,【长工】5分钟看《行尸走肉》第二季（EP1）,413,1142,307,181949
17437248,10562228,【长工】5分钟看美剧《美国恐怖故事》旅馆 第三、四集（第五季）修改版,618,1960,256,-1
17488383,10593842,【长工】5分钟看美剧《美国恐怖故事》旅馆 第五集,525,1490,294,248281
17557767,10636715,【长工】5分钟看美剧《美国恐怖故事》旅馆 第六集,511,1267,291,247814
21778262,13284468,【长工】几分钟看《行尸走肉》第七季 -上（1-8集）,548,2926,513,201858
21783963,13288069,王者荣耀1v9，花椒主播水一操纵超级李白逆天打出最强钻石排位赛,88,252,203,139804
22135472,13521322,【长工】几分钟看完《行尸走肉》第七季 终章（9-16）集,836,5650,684,237401
22323985,13643390,【长工】发家致富 全靠撸猪《作死合集》第14集,426,707,202,158561
21873800,13346538,【长工】几分钟看完《银河护卫队2》星爵大义灭亲爹,99,343,90,63849
21981461,13416897,【长工】几分钟看完《绝命毒师》第一季 高中化学老师成为制造毒品高手,729,1701,822,278722
22525683,13777285,【长工】几分钟看完《绝命毒师》第二季 上（1-6集）,620,1598,489,250261
22571064,13808702,【长工】飞机200多人离奇死亡《血族》 几分钟看完第一季 第1集,598,1254,390,217491
22404689,13695715,【长工】几分钟看完大学暑假 约P狂欢的故事《美国派2》,180,506,219,115875
22701816,13892635,【长工】几分钟看美剧《血族》第一季 中（2-5集）,558,1551,284,219513
22867637,14001652,【长工】几分钟看美剧《绝命毒师》第二季 终章,555,1487,357,224335
23028092,14105217,【长工】几分钟看美剧《血族》第一季 终章（6-13集）,676,1904,381,249226
23093400,14143656,【长工】我不是GAY 却要装成GAY 《我盛大的同志婚礼》,346,936,751,164533
23111988,14158231,美剧预告 即将呈现,48,174,61,43496
23203288,14216155,【长工】几分钟看美剧《绝命毒师》第三季 上,523,1365,348,226808
23275952,14257867,【长工】几分钟看美剧《美国恐怖故事》第七季 第1集,672,1762,615,312724
23383193,14328796,【长工】美剧几分钟《血族》第二季 上,646,2021,323,232743
23437440,14362995,【长工】美剧几分钟《血族》第二季 中,490,1643,281,224701
23481529,14390924,【长工】美剧几分钟《血族》第二季 下,623,2371,355,235093
23548653,14434013,长工教你做视频,285,2431,3921,42090
20705777,12585751,【长工】几分钟看《行尸走肉》第五季 -中（6-10集）,454,1371,340,175572
20831276,12663845,【长工】几分钟看《行尸走肉》第五季 -终章（11-16集）,440,1835,385,188529
20958389,12747330,【长工】几分钟看《作死合集》 第13集,487,675,305,196079
21123143,12854457,【长工】几分钟看《行尸走肉》第六季 -上（1-8集）.,461,1858,367,180474
21242085,12919804,【长工】几分钟看高中毕业 把妹破处 电影《美国派》,260,658,496,337702
21230528,12924640,补【长工】几分钟看《艹与杀之歌》第6-8集,251,687,181,103017
21406653,13038985,【长工】几分钟看《行尸走肉》第六季 -终章（9-16集）.,410,1261,355,181521
21611136,13176718,【长工】几分钟看咸鱼杀人《谋杀快乐》,221,565,244,99438
20435850,12411148,【长工】几分钟看《隔绝》末日人性的考验,427,1177,1660,314774
20542483,12482099,【长工】几分钟看《行尸走肉》第五季 -上（1-5集）,503,1634,401,196680
25004054,15361891,【长工】美剧几分钟《美国恐怖故事》第七季 第6集,806,1893,316,254632
25119557,15434533,【长工】美剧几分钟《绝命毒师》第五季 终章,1026,3390,498,202889
25127852,15439917,逗比长工的房间,555,1191,143,69185
25260349,15521970,【长工】美剧几分钟《嗜血法医》第一季 上,1059,2337,457,226980
25301520,15547099,【长工】一个和雕塑啪啪啪的男人《作死合集》第17期,807,1358,264,198162
25794908,15818661,【长工】美剧几分钟《行尸走肉》第八季 第1集,1110,2670,368,198265
25920218,15883458,【长工】美剧几分钟《美国恐怖故事》第七季 第7-8集,934,1502,304,264907
26057147,15964349,【长工】美剧几分钟《嗜血法医》第二季 上,956,2256,281,185981
26327218,16132653,【长工】美剧几分钟《嗜血法医》第二季 中,2270,3957,1190,169412
26373515,16160403,【长工】教你如何做视频(第一期） 从最基本的开始，视频的录制和初步剪辑,831,1392,2965,30641
26467573,16216361,【长工】美剧几分钟《嗜血法医》 第二季 下,1030,2139,354,172155
26958002,16526271,【长工】教你做视频（第二期）看吃鸡游戏玩家如何添加视频特效,371,472,1054,23046
26958121,16526344,【长工】美剧几分钟《行尸走肉》第八季 第2.3.4集,1178,2050,841,316153
27222605,16693474,【长工】美剧几分钟《美国恐怖故事》第七季 第9.10.11集,1277,1793,559,268989
23604697,14469903,【长工】美剧几分钟《美国恐怖故事》第七季 第2集,618,1643,369,268506
23707043,14537159,【长工】美剧几分钟《绝命毒师》第三季 终章,829,1714,391,228332
23799978,14596690,【长工】美剧几分钟《血族》第三季 上,691,1468,343,216728
23851759,14629289,【长工】这是一个菊花藏毒的故事《作死合集》15期,460,565,150,-1
23870004,14641163,【补发】几分钟看《艹与杀之歌》第一季 第二集,309,566,107,75890
23913820,14669791,【长工】美剧几分钟《血族》第三季 下,666,1326,264,209684
24122150,14802334,【长工】美剧几分钟《血族》第四季 上,708,1431,401,229538
24181145,14840374,【长工】美剧几分钟《血族》第四季 下 大结局,929,2358,438,248776
24283475,14903772,【长工】美剧几分钟《美国恐怖故事》第七季 3-4集,824,2139,486,277001
24380641,14965545,【长工】美剧几分钟《绝命毒师》第四季 上,761,1634,328,221946
24448201,15009574,【长工】这是一个关于油炸脑袋的故事《作死合集》16期,678,950,182,-1
24538291,15067213,【长工】美剧几分钟《绝命毒师》第四季 中,731,1535,303,193925
24669917,15153606,【长工】美剧几分钟《绝命毒师》第四季 下,537,1313,210,173191
24815910,15247121,【长工】美剧几分钟《美国恐怖故事》第七季 第5集,695,2102,657,281148
24920487,15309990,【长工】美剧几分钟《绝命毒师》第五季 上,792,2601,332,200944
24998191,15358053,【长工】美剧几分钟《绝命毒师》第五季 中,580,1713,229,155474
32297205,19804842,【长工】我要紧紧的抱住你！《汉尼拔》第三季 第13集大结局,7296,14008,2842,309065
32583621,19976099,【长工】魔鬼已经来临！上帝又在哪里？《驱魔人》第一季 第1集,4810,8538,1041,308237
32659564,20019443,【长工】妙龄少女口中吐出1米多长的蜈蚣《驱魔人》第一季 第2集,6347,7232,1154,263157
32792122,20093881,【长工】恶魔附身少女，地铁手撕流氓小伙《驱魔人》第一季 第3集,3136,4262,563,239672
32874694,20139817,【长工】恶魔要控制的是人灵魂！《驱魔人》第一季 第4集,2767,3887,486,213340
32952291,20183501,【长工】我就喜欢坐在你身上和你聊天《驱魔人》第一季 第5集,3143,5410,526,223370
33073009,20250570,【长工】收集人体器官 炼制召唤恶魔材料《驱魔人》第一季 第6集,2582,3293,466,221146
33215857,20330723,【长工】恶魔为了复仇等待了40年《驱魔人》第一季 第7集,2382,2983,394,208232
33320046,20387710,【长工】这个恶魔可能是SSR级别的《驱魔人》第一季 第8集,2290,3080,405,197466
33407817,20436176,【长工】我不但是恶魔还是个色魔 《驱魔人》第一季 第9集,3558,9047,568,213805
33469872,20471907,【长工】信仰最终战胜了恶魔！《驱魔人》第一季 第10集,10321,22419,11455,240690
33603775,20546925,【长工】少妇口中伸出一只大手《驱魔人》第二季 第1集,3743,5739,846,205900
33749272,20626969,【长工】驱魔的教会却沦为了恶魔的殿堂《驱魔人》第二季 第2集,2989,4046,601,210680
31510186,19322401,【长工】用人体制作飞蛾 《汉尼拔》第三季 第3集,3471,5688,956,377600
31614071,19386289,【长工】法医杀人到底是为了什么？《嗜血法医》第四季 下,2027,2271,362,146064
31653669,19410288,【长工】被子弹打穿头的人竟然还活着《汉尼拔》第三季 第4集,4961,6935,1296,349661
31690138,19432859,【长工】汉尼拔被前FBI探员疯狂的殴打《汉尼拔》第三季 第5集,11534,17609,8328,355193
31762884,19477307,【长工】掀起你的头盖骨，我要看看你的脑《汉尼拔》第三季 第6集,3396,4303,1092,367826
31797963,19498684,【长工】用老母猪来做代孕妈妈《汉尼拔》第三季 第7集,3251,4061,1140,406309
31871866,19544699,【长工】伟大的红龙即将诞生《汉尼拔》第三季 第8集,3398,4670,907,338330
31899502,19562318,【长工】夫妻同心 齐力查案《汉尼拔》第三季 第9集,3727,5522,866,321336
31970079,19605574,【长工】长工带着一众小迷妹 小迷弟给大家拜年了！狗年，旺旺旺！,3930,5135,287,83414
32023118,19638269,【长工】我来帮你清清喉咙！《汉尼拔》第三季 第10集,3456,4532,924,355572
32103341,19688990,【长工】让你结婚！看我不搞的你家破人亡！《汉尼拔》第三季 第11集,7633,12135,12481,400334
32162948,19725524,【长工】一个法医的黑化之旅《嗜血法医》第五季 第1-3集,1844,2057,367,139062
32187111,19739920,【长工】让我一口咬掉你的嘴唇！《汉尼拔》第三季 第12集,4496,7009,1828,360754
32228713,19764858,【长工】宅男通宵玩游戏 为何无故暴毙 《作死合集》第18期,3109,2827,829,324190
29977124,18365191,【长工】用活人制作人体模型《汉尼拔》第二季 第1集,2641,4357,1270,373386
30106286,18447892,【长工】大脑和心脏哪个重一点？《汉尼拔》第二季 第2-3集,2334,3523,844,367088
30155156,18479748,本视频为补发被下架的《行尸走肉》第二季（下），看过的同学请自行跳过,970,943,303,107612
30151345,18477080,【长工】用人体做蜂巢《汉尼拔》第二季 第4集,2314,3261,1006,337868
30238855,18533199,【长工】舌尖上的汉尼拔前传！几分钟看完《少年汉尼拔》,2050,2147,789,271407
30313211,18580229,【长工】法医妹子被做成切片《汉尼拔》第二季 第5集,3173,4386,1613,584736
30687536,18815701,【长工】我们一起来吃你的腿吧！《汉尼拔》第二季 第6集,2560,3323,768,360219
30761172,18861939,【长工】昨天吃大腿，今天吃胳膊《汉尼拔》第二季 第7集,2599,3468,862,385772
30939046,18969718,【长工】把活人缝在马肚子里《汉尼拔》第二季 第8集,2658,3329,935,405391
31010115,19008130,【长工】一个野兽疯狂的杀人《汉尼拔》第二季 第9集,2697,3734,830,365621
31069037,19045530,【长工】烤人肉味道真滴好！《汉尼拔》第二季 第10集,2928,9563,808,325466
31157442,19101421,【长工】被烧焦的人竟然还活着《汉尼拔》第二季 第11集,3209,6596,838,404167
31239465,19152348,【长工】割自己脸颊上的肉喂狗《汉尼拔》第二季 第12.13集（第二季完结）,2992,5351,850,328035
31368130,19234704,【长工】新的开始 我的小茶杯在哪《汉尼拔》第三季 第1集,4073,7761,1277,391291
31441427,19280389,【长工】用人体制作情书，你收到了么！《汉尼拔》第三季 第2集,3383,6169,885,353455
27500828,16832698,【长工】美剧几分钟《嗜血法医》第三季 上,1014,1899,304,163606
27855488,17042997,【长工】美剧几分钟《嗜血法医》第三季 中  （5-8）集,987,1947,264,142155
28192477,17250054,【长工】教大家如何看黑丝，呸！教大家做视频 -第三期！,387,341,833,34767
28236655,17279430,【长工】美剧几分钟《行尸走肉》第八季 5-7集,1103,1818,375,184214
28399911,17384657,【长工】美剧几分钟《行尸走肉》第八季 第8集,809,1066,257,160215
28703196,17582468,【长工】一部讲述真人鬼父的电影《暴力小姐》,1131,1332,875,182951
28860360,17677541,【补发】美剧几分钟《Dexter》第三季 下 9-12集,820,1375,203,122004
28869602,17683321,【长工】一个吃人的故事《汉尼拔》第一季第1集,3411,4886,2304,511116
28927324,17718728,【长工】用人体培养蘑菇《汉尼拔》第一季 第2集,3263,5408,1662,508721
28983072,17752845,【长工】让全家都吃人肉《汉尼拔》第一季 第3集,2642,3995,1046,422447
29056525,17797845,【长工】人肉香肠用来喂狗《汉尼拔》第一季 第4集,2749,5262,1247,453474
29373931,17991913,【长工】把活人剥皮做翅膀《汉尼拔》第一季 第5集,2131,3040,951,361754
29505151,18072076,【长工】无辜医生被开膛破肚《汉尼拔》第一季 第6集,1939,2994,969,362862
29571268,18112803,【长工】盛大的人肉晚宴《汉尼拔》第一季 第7集,1898,2616,781,328299
29637683,18153009,【长工】用人的尸体搭建图腾塔《汉尼拔》第一季 第8.9.10集,2536,5332,1065,358736
29774848,18238028,【长工】感觉身体被掏空《汉尼拔》第一季 第11集,2061,3280,739,309764
29842789,18281256,【长工】在隔离舱里被烧焦的妹子《汉尼拔》第一季 第12集,1955,2763,688,294510
29908128,18321658,【长工】一个妹子被吃的只剩下耳朵《汉尼拔》第一季 第13集,2039,3639,689,294916
36116305,21876746,【长工】英国皇家海军舰队被困北极 《极地恶灵》第一季 第2集,3836,5687,1792,229807
36189787,21915285,【长工】北极探险队遭遇怪物袭击，最高指挥官惨遭杀死《极地恶灵》第一季 第3集,2452,3250,518,214266
36250506,21946312,【长工】大血狼专吃小红帽的故事 美剧《格林》第一季 第1集,3865,4520,878,305292
36280998,21962343,【长工】熊形怪物轻松掀开船员头盖骨《极地恶灵》第一季 第4集,2444,2994,436,205649
36340470,21993430,【长工】金发姑娘和三只♂熊 《格林》第一季 第2集,2862,4341,479,267195
36361073,22003971,【长工】老水手勇斗怪物，加农炮绝地反击《极地恶灵》第一季 第5集,2649,3771,404,199471
36424535,22037135,【长工】蜂妖和巫妖的对决《格林》第一季 第3集,2269,2720,396,246552
36432863,22041680,【长工】医生精神崩溃 放火烧死船员《极地恶灵》第一季 第6集,2679,6095,396,195054
36627919,22146780,【长工】探险队放弃舰船 准备徒步离开北极《极地恶灵》第一季 第7集,1884,1895,321,176639
36647405,22157405,【长工】色情羊魔用法术勾引妹子只为繁衍后代《格林》第一季 第4集,3286,4577,497,253126
36701721,22185087,【长工】为复仇鼠妖报复仇人 没想到他竟然还是个网红《格林》第一季 第5集,2330,2655,367,220258
35168471,21381630,【补发】美剧几分钟《绝命毒师》第四季 下,820,385,135,53293
35175588,21384911,【长工】一个妹子的复仇之路《嗜血法医》第五季 第4-6集,1380,1376,255,118485
35277527,21439549,【长工】油桶装满了妹子的尸体《嗜血法医》第五季  第7-9集,1486,1442,286,134677
35432385,21513471,【长工】没有什么比邻居的肉好吃了！《小镇滋味》第二季 第1-2集,1649,1605,321,175979
35514605,21563695,【长工】约炮约到了丧尸妹子，怎么办？在线急等！《小镇滋味》第二季 第3-4集,1358,930,233,151976
35577765,21596193,【长工】中年大叔撸掉了老爷爷的手皮！《小镇滋味》第二季 第5-6集,1571,1208,249,142372
35663335,21640822,【长工】杀人法医再次逃脱警察亲妹追踪！《嗜血法医》第五季 第10-12集 大结局,1465,1248,210,111230
35747717,21683788,【长工】小女孩的脑壳可以旋转，经典恐怖电影《驱魔人》,1872,1484,269,143966
35965729,21798799,【长工】我要亲手握住你的心脏！《小镇滋味》第二季 第7-8集,1844,2219,261,105885
36046265,21840720,【长工】根据真实历史事件改编的北极探险恐怖故事《极地恶灵》第一季 第1集,6714,7480,1778,288461
34091254,20811989,【长工】诡异别墅遭上万只乌鸦撞击《 驱魔人》第二季 第3集,2876,4099,571,193192
34321844,20939248,【长工】小萝莉？！ 不存在的！《驱魔人》第二季 第4集,2582,4347,431,171852
34417616,20991938,【补发】美剧几分钟《绝命毒师》第五季 中,885,420,135,62273
34456151,21012356,【长工】男人之间接吻 GAY里GAY气吗？《驱魔人》第二季 第5集,2238,2680,406,163885
34589052,21082002,【长工】奶爸被恶魔附身 两驱魔人与其肛正面《驱魔人》第二季 第6集,2189,2687,397,184224
34750837,21165548,【长工】恶魔如何一步步腐蚀人心《驱魔人》第二季 第7集,2403,3338,409,166975
34920850,21255618,【长工】驱魔人被迷惑，恶魔杀死无辜夫妻《驱魔人》第二季 第8集,1958,2471,338,161129
35017012,21305414,【长工】一家人最重要的什么？就是整整齐齐的死在一起！《驱魔人》第二季 第9集,2156,2394,355,160379
35074609,21334215,【长工】驱魔不成差点被恶魔附身！《驱魔人》第二季 第10集（完结）,2549,3600,457,187822
37259960,22480904,【长工】和妹子约会后 感觉身体被掏空了《格林》第一季 第11集,2258,2704,339,200973
37363298,22535023,【长工】丧尸潮涌入,救世军与瑞克团正面PK《行尸走肉》第八季 完结篇,2083,1942,871,300601
37399221,22553152,【长工】残忍生物血洗神秘角斗场 《格林》第一季 第12集,2202,2853,340,205835
37465187,22588168,【长工】惊了！难道说希特勒也是狼人！《格林》第一季 第13集,2232,2637,344,205055
37573502,22644609,【长工】一个火辣的小姐姐，可以让你欲火焚身 《格林》第一季 第14集,2028,2052,332,195308
37598082,22658133,【长工】高分科幻美剧 《太空无垠》第一季 第1集,2741,3312,665,182854
37667326,22695882,【长工】大黄找到了自己喜欢的小可爱啦！《格林》第一季 第15集,2327,2255,331,200639
37899117,22817391,【长工】怪物给妹子嘴里强行灌神秘液体 《格林》第一季 第16集,2134,2169,283,174983
38044663,22895354,【长工】用水蛭来美容养颜了解一下！《格林》第一季 第17集,2165,2359,304,180405
38141410,22948022,【长工】火星战舰出没太空 地球政府高度紧张《太空无垠》第一季 第2、3集,1633,1575,246,138357
38302417,23034060,【长工】大黄的情敌出现啦！来自前男友的威胁 《格林》第一季 第18集,2218,2574,309,181884
38393225,23082442,【长工】尼克帮助萌萌哒的水獭一族 《格林》第一季 第19集,2220,2285,392,172004
38478820,23125970,【长工】富婆神秘死亡 杀人手法竟然是超声波 《格林》第一季 第20集,2131,2684,321,167744
38527293,23151975,【长工】地球联合舰队 太空屠杀无辜平民《太空无垠》第一季 第4、5集,1363,1281,226,110085
38611837,23194745,【长工】几个小青年夜探森林 遭到不明怪物袭击《格林》第一季 第21集,2077,2084,283,166501
38692499,23237908,【长工】 二战神秘组织重现诡异小镇 《格林》第一季 第22集（S1完结）,6061,13928,7398,190444
38882575,23336320,【长工】集装箱内偷渡客被恐怖生物屠杀殆尽《格林》第二季 第1集,2810,3801,478,176905
38992292,23392064,【长工】你的女朋友被我亲了一下喽《格林》第二季 第2集,2129,2105,314,190550
39407508,23603408,【长工】把妹子洗干净，绑起来繁衍后代《格林》第二季 第3集,2341,2522,343,190911
39601573,23702189,【长工】大黄竟然被妹子壁咚！强吻！《格林》第二季 第4集,2050,2092,299,172541
39666144,23734514,【长工】羊爱上狼，爱的疯狂 ，咩咩咩！《格林》第二季 第5集,1995,1872,288,159177
36708505,22188914,【长工】探险队射杀无辜人类 恶灵再次突袭探险队营地《极地恶灵》第一季 第8集,2150,2772,330,190068
36778267,22226815,【长工】小猪追杀大灰狼的故事《格林》第一季 第6集,2250,2131,364,213188
36840574,22257661,【长工】九岁女童流落山林，终成狼人美女《格林》第一季 第7集,2299,2801,350,207218
36909774,22294109,【长工】探险队食物短缺，人肉了解一下《极地恶灵》第一季 第9集,1940,2262,304,182422
36916561,22297361,【长工】法官被锤子口爆，狼人小伙击毙食人魔《格林》第一季 第8集,2165,2671,344,207778
36989779,22337829,【长工】听说你的女朋友很棒！蛇妖鼠精同时看上别人的女朋友 《格林》第一季 第9集,2248,2033,359,222375
37015909,22351662,【长工】船长！我的脚皮味道怎么样？！ 《极地恶灵》第一季 第10集,2406,2854,430,196258
37200874,22450089,【长工】女丧尸竟然被警察认为是神 《小镇滋味》第二季 第9-10集,1502,1139,201,110991
37237674,22468982,【长工】恐怖小镇大量流浪儿童失踪，正义警察是否能查出真相《格林》第一季 第10集,1943,2270,349,196647
40743217,24291178,【长工】验孕棒上有两个杠杠是什么意思?《格林》第二季 第13集,2142,1712,249,156944
40897094,24366714,【长工】三个伪森显出原形抢劫银行《格林》第二季 第14集,1956,1705,262,147540
40999132,24419806,【长工】怪物专吸少女眼泪 难道妹汁的味道这么好《格林》第二季 第15集,1913,1578,251,157553
41077388,24462005,【长工】妹子欺骗的宅男的感情 后果非常严重《格林》第二季 第16集,1940,1917,246,164187
41170208,24511065,【长工】神秘物质惊现太空站 数万人面临危险《太空无垠》第一季 第4期,1379,947,243,113387
41233852,24543911,【长工】听说你的呱儿子 遇到了山羊精《格林》第二季 第17集,2141,1864,271,150450
41488211,24676546,【长工】被小萝莉支配的恐惧 惊悚恐怖电影《第39号案件》,2121,1243,408,171865
41543243,24704146,【长工】熔岩小兽被尼克众人吊打《格林》第二季 第18集,2221,1869,270,146598
41673752,24761618,【长工】神秘蓝皮人专偷牛杂？！《格林》第二季 第19集,2174,1850,252,144643
41857551,24830805,【长工】你真是个迷人的小妖精！《格林》第二季 第20集,2174,1832,274,153966
41954440,24871076,【长工】恐怖公司拿整个星球上的人做实验《太空无垠》第一季 第5期,1305,831,344,124590
42034310,24908397,【长工】吐痰怪用口水控住众多吃瓜群主成立僵尸大军《格林》第二季 第21集,2163,1899,248,148638
42090668,24936900,【长工】大黄众人被唾液怪埋伏 尼克生死未卜《格林》第二季 第22集,2353,2154,269,150916
42509602,25109937,【长工】火星版钢铁侠小队PK地球舰队《太空无垠》第二季 第1期,1260,780,198,81466
42678255,25179881,【长工】大黄众人被僵尸围攻 尼克中毒性情狂暴《格林》第三季 第1集,2213,1732,267,153662
42779480,25227158,【长工】18厘米长的针插♂入尼克体内 《格林》第三季 第2集,1900,1345,224,143280
43013925,25328978,【长工】猪头怪开餐厅 用蘑菇毒杀狼人《格林》第三季 第3集,1796,1092,224,149026
43143293,25391528,【长工】人鱼怪传宗接代的方法竟然是让自己的老婆和别人啪啪啪 《格林》第三季 第4集,2197,1722,290,180613
43151608,25397369,【长工】如何用简单的方法做出属于你自己大片视频,1178,502,1121,38738
43398525,25495066,【长工】逗比外孙和聪明姥爷的探险故事《瑞克和莫迪》第一季 第1集,1629,1095,473,140523
43465283,25523312,【长工】小行星被外星病毒感染 朝着地球高速飞去《太空无垠》第7期,1276,730,155,81935
43601260,25590158,【长工】根据真实事件改编的人吃人空难电影《天劫余生》,3140,2361,1034,309921
46063693,26763385,【长工】几分钟看惊悚、恐怖美国都市传说 《零异频道-蜡烛湾》第一季 上,2793,1941,546,249161
46371606,26927490,【长工】几分钟看惊悚、恐怖美国都市传说 《零异频道-蜡烛湾》第一季  中,2669,1983,326,226831
46471161,26982430,【长工】30多年前的恐怖、血腥、暴力电影《鬼玩人》又译（尸变 / 死亡魔鬼）,2029,1145,262,172420
46663954,27083188,【长工】食婴怪靠吸食胎儿延长自己的寿命 《格林》第三季 第13-14集,2283,1447,309,168283
46918826,27218606,【长工】几分钟看惊悚、恐怖美国都市传说 《零异频道-蜡烛湾》第一季  下,3567,3700,535,229722
47189679,27365257,【长工】埃及法老用阿努比斯伪森陪葬《格林》第三季 第15-16集,2219,1609,254,147969
47427430,27471691,【长工】一部豆瓣只有5000人看过的小众高分电影《羞辱》,2740,2161,690,145829
47568027,27568751,【长工】这期难道是伪森界的 “宝贝计划”《格林》第三季 第17-18集,1650,1308,216,120613
47570936,27570410,【补发】几分钟看美剧《行尸走肉》第八季 第9.10集,1432,486,141,95637
47648010,27610772,【长工】几分钟看惊悚、恐怖美国都市传说 《零异频道-无尽诡屋》上,3031,2445,601,235523
47829734,27709585,【长工】几分钟看惊悚、恐怖美国都市传说《零异频道-无尽诡屋》中,6205,7935,6505,271862
47947959,27772900,【长工】恭喜尼总喜提小迷妹一枚！《格林》第三季 第19-20集,2680,3359,407,156281
48160614,27886337,【长工】几分钟看惊悚、恐怖美国都市传说《零异频道-无尽诡屋》下,6342,8159,5146,229303
48476119,28054868,【长工】来自小萝莉的谎言 拔叔蒙受冤屈--电影《狩猎》,3483,2872,1412,130303
48619427,28133798,【长工】当记忆紊乱 哪个时间的你才是真实的你呢？！《西部世界》第四集,1706,910,184,105721
48780629,28219999,【长工】这里全是满满的套路，欢迎来到套路世界 解析《西部世界》第一季 第5集,1584,805,169,81890
39797818,23802332,【长工】爱情和友情可以同时拥有么？电影《七月与安生》,1452,1553,270,50748
39906447,23859004,【长工】大黄假死 尼克再次团灭杀手集团《格林》第二季 第6集,1828,1685,284,159250
40017076,23918174,【长工】小萝莉被父亲带到深山 尼克众人前往营救《格林》第二季 第7集,1874,3027,267,148313
40137865,23980585,【长工】肖恩跑到尼克家 偷看他老婆洗澡《格林》第二季 第8集,1888,1432,258,157747
40290188,24056021,【长工】神秘白衣女鬼出没 杀人换交换灵《格林》第二季 第9集,1824,1591,260,158729
40405792,24115027,【长工】丑陋怪物假装格林 小迷弟滥杀无辜《格林》第二季 第10集,1878,1635,264,157496
40477374,24152449,【长工】人脚罗宋汤味道可带劲了！《格林》第二季 第11集,1903,1616,261,160579
40611898,24222957,【长工】当上司看上了你的女朋友，你该怎么办？！在线等！急！《格林》第二季 第12集,1797,1592,257,146183
43738273,25647386,【长工】受到召唤 夜魔出现惩奸除恶《格林》第三季 第5集,2016,1384,284,152198
43669203,25617968,【长工】高分烧脑悬疑 关于人性探讨的美剧《西部世界》第一季 第1集,2799,2452,605,145615
43890305,25718932,【长工】小朋友化身小恶魔 可是就是有点弱《格林》第三季 第6集,2037,1515,261,151209
43993180,25767917,【长工】大舅哥带着妹夫去充满诱惑的乐园放飞自我《西部世界》第一季 第2集,2524,1980,253,103391
44063553,25798153,【长工】下水道里的小鳄鱼 尼克一拳一个鳄鱼怪《格林》第三季 第7集,1891,1291,257,151227
44155122,25837838,【长工】动画片版盗梦空间《瑞克和莫蒂 》 第一季 第2集,1076,574,237,90498
44160977,25841108,【长工】几个妹子比赛蒸桑拿 最后赢家却被活活蒸死《作死合集》第19期,3285,1918,1542,399053
45282213,26359030,【补发】几分钟看美剧《嗜血法医》第四季 上,1206,485,109,65440
45295379,26364546,【补发】几分钟看美剧《嗜血法医》第四季 中,1135,310,107,54436
45311846,26375524,【推广】男人撕起逼来，可比女人爽多了 ~电影《拐个弯遇见你》,1245,350,128,71735
45504481,26473722,【长工】圣诞夜惊现羊角恶魔 专治熊孩子抓走吃掉《格林》第三季 第8集,2292,1831,276,142893
45722598,26587987,【长工】先杀人再救人 来自伪森的救赎《格林》第三季 第9-10集,2260,1672,255,143242
45836204,26648686,【长工】一个每天都会被打死的男主 竟然还有中二宿敌《西部世界》第一季 第3集,1580,815,165,94372
45968316,26715742,【长工】同居一年多的小情侣见家长 需要注意什么 在线等急！《格林》第三季 第11-12集,2316,2215,278,158146
49040241,28352678,【长工】通过啪啪啪的方式来施加魔法 《格林》第三季 第21-22集,2102,1369,296,160926
49214783,28445158,【长工】几分钟看惊悚、恐怖美国都市传说《零异频道-屠杀区》上,5228,5177,1729,228313
49573728,28629233,【长工】几分钟看惊悚、恐怖美剧《零异频道-屠杀区》第三季 中,5882,6147,4109,206957
49826275,28758825,【长工】几分钟看惊悚、恐怖美剧《零异频道-屠杀区》第三季 下,4774,3973,1007,230192
49955678,28825499,【长工】丈夫出差给妻子留了一个东西 这可愁怀了隔壁老王了《作死合集》第20期,2612,1207,363,206324
50889342,29297980,【长工】神秘女人用蛇救活中枪生命垂危的肖恩 《格林》第四季 第1期,2379,1616,279,131791
51019125,29358146,【长工】妹子为了救男友喝下神秘液体 走向了不归路《格林》第四季 第2期,2398,1414,434,212600
51343895,29527309,【长工】神秘物质感染乘客 飞机降落机场后无人生还 《危机边缘》第一季 第1集,4421,4017,783,223142
51627004,29670659,【长工】一个婴儿出生到老死 用不了几个小时的时间《危机边缘》第一季 第2集,2691,1720,388,220494
51955451,29839119,【长工】把一个公交车的人都做成了果冻《危机边缘》第一季 第3集,2683,1759,504,245263
52223498,29973018,【长工】电击大法！好啊！能让你想起你根本不知道的事情《危机边缘》第一季 第4集,2161,1257,240,145775
52345239,30033451,【长工】这是我看过最狗血的魔幻美剧《格林》第四季 第3期,2326,1440,257,136736
